[2024/11/13 19:00:53.172 +00:00] [INFO] [meminfo.go:213] ["use physical memory hook"] [cgroupMemorySize=9223372036854775807] [physicalMemorySize=16750510080]
[2024/11/13 19:00:53.181 +00:00] [INFO] [versioninfo.go:98] ["Welcome to Placement Driver (PD)"]
[2024/11/13 19:00:53.184 +00:00] [INFO] [versioninfo.go:99] [PD] [release-version=v8.4.0-alpha-38-g71f6f96]
[2024/11/13 19:00:53.184 +00:00] [INFO] [versioninfo.go:100] [PD] [edition=Community]
[2024/11/13 19:00:53.184 +00:00] [INFO] [versioninfo.go:101] [PD] [git-hash=71f6f96816e9eda512fbfb620079faef2b056d1b]
[2024/11/13 19:00:53.184 +00:00] [INFO] [versioninfo.go:102] [PD] [git-branch=HEAD]
[2024/11/13 19:00:53.184 +00:00] [INFO] [versioninfo.go:103] [PD] [utc-build-time="2024-09-14 08:36:39"]
[2024/11/13 19:00:53.184 +00:00] [INFO] [metricutil.go:86] ["disable Prometheus push client"]
[2024/11/13 19:00:53.184 +00:00] [INFO] [server.go:253] ["PD config"] [config="{\"client-urls\":\"http://0.0.0.0:2379\",\"peer-urls\":\"http://0.0.0.0:2380\",\"advertise-client-urls\":\"http://pd0:2379\",\"advertise-peer-urls\":\"http://pd0:2380\",\"name\":\"pd0\",\"data-dir\":\"/data/pd\",\"force-new-cluster\":false,\"enable-grpc-gateway\":true,\"initial-cluster\":\"pd0=http://pd0:2380\",\"initial-cluster-state\":\"new\",\"initial-cluster-token\":\"pd-cluster\",\"join\":\"\",\"lease\":3,\"log\":{\"level\":\"info\",\"format\":\"text\",\"disable-timestamp\":false,\"file\":{\"filename\":\"/logs/pd.log\",\"max-size\":0,\"max-days\":0,\"max-backups\":0},\"development\":false,\"disable-caller\":false,\"disable-stacktrace\":false,\"disable-error-verbose\":true,\"sampling\":null,\"error-output-path\":\"\"},\"max-concurrent-tso-proxy-streamings\":5000,\"tso-proxy-recv-from-client-timeout\":\"1h0m0s\",\"tso-save-interval\":\"3s\",\"tso-update-physical-interval\":\"50ms\",\"enable-local-tso\":false,\"metric\":{\"job\":\"pd0\",\"address\":\"\",\"interval\":\"15s\"},\"schedule\":{\"max-snapshot-count\":64,\"max-pending-peer-count\":64,\"max-merge-region-size\":54,\"max-merge-region-keys\":0,\"split-merge-interval\":\"1h0m0s\",\"switch-witness-interval\":\"1h0m0s\",\"enable-one-way-merge\":\"false\",\"enable-cross-table-merge\":\"true\",\"patrol-region-interval\":\"10ms\",\"max-store-down-time\":\"30m0s\",\"max-store-preparing-time\":\"48h0m0s\",\"leader-schedule-limit\":4,\"leader-schedule-policy\":\"count\",\"region-schedule-limit\":2048,\"witness-schedule-limit\":4,\"replica-schedule-limit\":64,\"merge-schedule-limit\":8,\"hot-region-schedule-limit\":4,\"hot-region-cache-hits-threshold\":3,\"store-limit\":{},\"tolerant-size-ratio\":0,\"low-space-ratio\":0.8,\"high-space-ratio\":0.7,\"region-score-formula-version\":\"v2\",\"scheduler-max-waiting-operator\":5,\"enable-remove-down-replica\":\"true\",\"enable-replace-offline-replica\":\"true\",\"enable-make-up-replica\":\"true\",\"enable-remove-extra-replica\":\"true\",\"enable-location-replacement\":\"true\",\"enable-debug-metrics\":\"false\",\"enable-joint-consensus\":\"true\",\"enable-tikv-split-region\":\"true\",\"enable-heartbeat-breakdown-metrics\":\"true\",\"enable-heartbeat-concurrent-runner\":\"true\",\"schedulers-v2\":[{\"type\":\"balance-region\",\"args\":null,\"disable\":false,\"args-payload\":\"\"},{\"type\":\"balance-leader\",\"args\":null,\"disable\":false,\"args-payload\":\"\"},{\"type\":\"hot-region\",\"args\":null,\"disable\":false,\"args-payload\":\"\"},{\"type\":\"evict-slow-store\",\"args\":null,\"disable\":false,\"args-payload\":\"\"}],\"hot-regions-write-interval\":\"10m0s\",\"hot-regions-reserved-days\":7,\"max-movable-hot-peer-size\":512,\"enable-diagnostic\":\"true\",\"enable-witness\":\"false\",\"slow-store-evicting-affected-store-ratio-threshold\":0.3,\"store-limit-version\":\"v1\"},\"replication\":{\"max-replicas\":1,\"location-labels\":\"\",\"strictly-match-label\":\"false\",\"enable-placement-rules\":\"true\",\"enable-placement-rules-cache\":\"false\",\"isolation-level\":\"\"},\"pd-server\":{\"use-region-storage\":\"true\",\"max-gap-reset-ts\":\"24h0m0s\",\"key-type\":\"table\",\"runtime-services\":\"\",\"metric-storage\":\"\",\"dashboard-address\":\"auto\",\"flow-round-by-digit\":3,\"min-resolved-ts-persistence-interval\":\"1s\",\"server-memory-limit\":0,\"server-memory-limit-gc-trigger\":0.7,\"enable-gogc-tuner\":\"false\",\"gc-tuner-threshold\":0.6,\"block-safe-point-v1\":\"false\"},\"cluster-version\":\"0.0.0\",\"labels\":{},\"quota-backend-bytes\":\"8GiB\",\"auto-compaction-mode\":\"periodic\",\"auto-compaction-retention-v2\":\"1h\",\"TickInterval\":\"500ms\",\"ElectionInterval\":\"3s\",\"PreVote\":true,\"max-request-bytes\":157286400,\"security\":{\"cacert-path\":\"\",\"cert-path\":\"\",\"key-path\":\"\",\"cert-allowed-cn\":null,\"SSLCABytes\":null,\"SSLCertBytes\":null,\"SSLKEYBytes\":null,\"redact-info-log\":false,\"encryption\":{\"data-encryption-method\":\"plaintext\",\"data-key-rotation-period\":\"168h0m0s\",\"master-key\":{\"type\":\"plaintext\",\"key-id\":\"\",\"region\":\"\",\"endpoint\":\"\",\"path\":\"\"}}},\"label-property\":null,\"WarningMsgs\":null,\"DisableStrictReconfigCheck\":false,\"HeartbeatStreamBindInterval\":\"1m0s\",\"LeaderPriorityCheckInterval\":\"1m0s\",\"dashboard\":{\"tidb-cacert-path\":\"\",\"tidb-cert-path\":\"\",\"tidb-key-path\":\"\",\"public-path-prefix\":\"\",\"internal-proxy\":false,\"enable-telemetry\":false,\"enable-experimental\":false,\"disable-custom-prom-addr\":false},\"replication-mode\":{\"replication-mode\":\"majority\",\"dr-auto-sync\":{\"label-key\":\"\",\"primary\":\"\",\"dr\":\"\",\"primary-replicas\":0,\"dr-replicas\":0,\"wait-store-timeout\":\"1m0s\",\"wait-recover-timeout\":\"0s\",\"pause-region-split\":\"false\"}},\"keyspace\":{\"pre-alloc\":null,\"wait-region-split\":true,\"wait-region-split-timeout\":\"30s\",\"check-region-split-interval\":\"50ms\"},\"micro-service\":{\"enable-scheduling-fallback\":\"true\"},\"controller\":{\"degraded-mode-wait-duration\":\"0s\",\"ltb-max-wait-duration\":\"30s\",\"ltb-token-rpc-max-delay\":\"1s\",\"request-unit\":{\"read-base-cost\":0.125,\"read-per-batch-base-cost\":0.5,\"read-cost-per-byte\":0.0000152587890625,\"write-base-cost\":1,\"write-per-batch-base-cost\":1,\"write-cost-per-byte\":0.0009765625,\"read-cpu-ms-cost\":0.3333333333333333},\"enable-controller-trace-log\":\"false\"}}"]
[2024/11/13 19:00:53.191 +00:00] [INFO] [apiutil.go:437] ["register REST path"] [path=/pd/api/v1]
[2024/11/13 19:00:53.195 +00:00] [INFO] [apiutil.go:437] ["register REST path"] [path=/pd/api/v2/]
[2024/11/13 19:00:53.195 +00:00] [INFO] [apiutil.go:437] ["register REST path"] [path=/autoscaling]
[2024/11/13 19:00:53.195 +00:00] [INFO] [distro.go:51] ["using distribution strings"] [strings={}]
[2024/11/13 19:00:53.197 +00:00] [INFO] [apiutil.go:437] ["register REST path"] [path=/dashboard/api/]
[2024/11/13 19:00:53.198 +00:00] [INFO] [apiutil.go:437] ["register REST path"] [path=/dashboard/]
[2024/11/13 19:00:53.198 +00:00] [INFO] [registry.go:97] ["restful API service registered successfully"] [prefix=pd0] [service-name=MetaStorage]
[2024/11/13 19:00:53.198 +00:00] [INFO] [apiutil.go:437] ["register REST path"] [path=/resource-manager/api/v1/]
[2024/11/13 19:00:53.198 +00:00] [INFO] [registry.go:97] ["restful API service registered successfully"] [prefix=pd0] [service-name=ResourceManager]
[2024/11/13 19:00:53.201 +00:00] [WARN] [config.go:687] ["Running http and grpc server on single port. This is not recommended for production."]
[2024/11/13 19:00:53.204 +00:00] [INFO] [etcd.go:128] ["configuring peer listeners"] [listen-peer-urls="[http://0.0.0.0:2380]"]
[2024/11/13 19:00:53.204 +00:00] [INFO] [systimemon.go:30] ["start system time monitor"]
[2024/11/13 19:00:53.205 +00:00] [INFO] [etcd.go:136] ["configuring client listeners"] [listen-client-urls="[http://0.0.0.0:2379]"]
[2024/11/13 19:00:53.205 +00:00] [INFO] [etcd.go:620] ["pprof is enabled"] [path=/debug/pprof]
[2024/11/13 19:00:53.205 +00:00] [INFO] [etcd.go:310] ["starting an etcd server"] [etcd-version=3.5.15] [git-sha="Not provided (use ./build instead of go build)"] [go-version=go1.21.13] [go-os=linux] [go-arch=arm64] [max-cpu-set=10] [max-cpu-available=10] [member-initialized=false] [name=pd0] [data-dir=/data/pd] [wal-dir=] [wal-dir-dedicated=] [member-dir=/data/pd/member] [force-new-cluster=false] [heartbeat-interval=500ms] [election-timeout=3s] [initial-election-tick-advance=true] [snapshot-count=100000] [max-wals=5] [max-snapshots=5] [snapshot-catchup-entries=5000] [initial-advertise-peer-urls="[http://pd0:2380]"] [listen-peer-urls="[http://0.0.0.0:2380]"] [advertise-client-urls="[http://pd0:2379]"] [listen-client-urls="[http://0.0.0.0:2379]"] [listen-metrics-urls="[]"] [cors="[*]"] [host-whitelist="[*]"] [initial-cluster="pd0=http://pd0:2380"] [initial-cluster-state=new] [initial-cluster-token=pd-cluster] [quota-backend-bytes=8589934592] [max-request-bytes=157286400] [max-concurrent-streams=4294967295] [pre-vote=true] [initial-corrupt-check=false] [corrupt-check-time-interval=0s] [compact-check-time-enabled=false] [compact-check-time-interval=1m0s] [auto-compaction-mode=periodic] [auto-compaction-retention=1h0m0s] [auto-compaction-interval=1h0m0s] [discovery-url=] [discovery-proxy=] [downgrade-check-interval=5s]
[2024/11/13 19:00:53.205 +00:00] [WARN] [server.go:344] ["exceeded recommended request limit"] [max-request-bytes=157286400] [max-request-size="157 MB"] [recommended-request-bytes=10485760] [recommended-request-size="10 MB"]
[2024/11/13 19:00:53.216 +00:00] [INFO] [backend.go:81] ["opened backend db"] [path=/data/pd/member/snap/db] [took=6.17125ms]
[2024/11/13 19:00:53.262 +00:00] [INFO] [raft.go:495] ["starting local member"] [local-member-id=e3589da502d44cf6] [cluster-id=ec2c6b4962f16225]
[2024/11/13 19:00:53.262 +00:00] [INFO] [raft] [zap_raft.go:77] ["e3589da502d44cf6 switched to configuration voters=()"]
[2024/11/13 19:00:53.263 +00:00] [INFO] [raft] [zap_raft.go:77] ["e3589da502d44cf6 became follower at term 0"]
[2024/11/13 19:00:53.263 +00:00] [INFO] [raft] [zap_raft.go:77] ["newRaft e3589da502d44cf6 [peers: [], term: 0, commit: 0, applied: 0, lastindex: 0, lastterm: 0]"]
[2024/11/13 19:00:53.263 +00:00] [INFO] [raft] [zap_raft.go:77] ["e3589da502d44cf6 became follower at term 1"]
[2024/11/13 19:00:53.263 +00:00] [INFO] [raft] [zap_raft.go:77] ["e3589da502d44cf6 switched to configuration voters=(16382016976602811638)"]
[2024/11/13 19:00:53.269 +00:00] [WARN] [store.go:1241] ["simple token is not cryptographically signed"]
[2024/11/13 19:00:53.276 +00:00] [INFO] [kvstore.go:418] ["kvstore restored"] [current-rev=1]
[2024/11/13 19:00:53.277 +00:00] [INFO] [quota.go:117] ["enabled backend quota"] [quota-name=v3-applier] [quota-size-bytes=8589934592] [quota-size="8.6 GB"]
[2024/11/13 19:00:53.278 +00:00] [INFO] [server.go:867] ["starting etcd server"] [local-member-id=e3589da502d44cf6] [local-server-version=3.5.15] [cluster-version=to_be_decided]
[2024/11/13 19:00:53.278 +00:00] [INFO] [health.go:61] ["grpc service status changed"] [service=] [status=SERVING]
[2024/11/13 19:00:53.279 +00:00] [INFO] [server.go:751] ["started as single-node; fast-forwarding election ticks"] [local-member-id=e3589da502d44cf6] [forward-ticks=5] [forward-duration=2.5s] [election-ticks=6] [election-timeout=3s]
[2024/11/13 19:00:53.279 +00:00] [INFO] [purge.go:50] ["started to purge file"] [dir=/data/pd/member/snap] [suffix=snap.db] [max=5] [interval=30s]
[2024/11/13 19:00:53.281 +00:00] [INFO] [purge.go:50] ["started to purge file"] [dir=/data/pd/member/snap] [suffix=snap] [max=5] [interval=30s]
[2024/11/13 19:00:53.281 +00:00] [INFO] [purge.go:50] ["started to purge file"] [dir=/data/pd/member/wal] [suffix=wal] [max=5] [interval=30s]
[2024/11/13 19:00:53.281 +00:00] [INFO] [etcd.go:279] ["now serving peer/client/metrics"] [local-member-id=e3589da502d44cf6] [initial-advertise-peer-urls="[http://pd0:2380]"] [listen-peer-urls="[http://0.0.0.0:2380]"] [advertise-client-urls="[http://pd0:2379]"] [listen-client-urls="[http://0.0.0.0:2379]"] [listen-metrics-urls="[]"]
[2024/11/13 19:00:53.281 +00:00] [INFO] [raft] [zap_raft.go:77] ["e3589da502d44cf6 switched to configuration voters=(16382016976602811638)"]
[2024/11/13 19:00:53.282 +00:00] [INFO] [cluster.go:421] ["added member"] [cluster-id=ec2c6b4962f16225] [local-member-id=e3589da502d44cf6] [added-peer-id=e3589da502d44cf6] [added-peer-peer-urls="[http://pd0:2380]"]
[2024/11/13 19:00:53.282 +00:00] [INFO] [etcd.go:599] ["serving peer traffic"] [address="[::]:2380"]
[2024/11/13 19:00:53.282 +00:00] [INFO] [etcd.go:571] [cmux::serve] [address="[::]:2380"]
[2024/11/13 19:00:53.766 +00:00] [INFO] [raft] [zap_raft.go:77] ["e3589da502d44cf6 is starting a new election at term 1"]
[2024/11/13 19:00:53.766 +00:00] [INFO] [raft] [zap_raft.go:77] ["e3589da502d44cf6 became pre-candidate at term 1"]
[2024/11/13 19:00:53.766 +00:00] [INFO] [raft] [zap_raft.go:77] ["e3589da502d44cf6 received MsgPreVoteResp from e3589da502d44cf6 at term 1"]
[2024/11/13 19:00:53.767 +00:00] [INFO] [raft] [zap_raft.go:77] ["e3589da502d44cf6 became candidate at term 2"]
[2024/11/13 19:00:53.767 +00:00] [INFO] [raft] [zap_raft.go:77] ["e3589da502d44cf6 received MsgVoteResp from e3589da502d44cf6 at term 2"]
[2024/11/13 19:00:53.767 +00:00] [INFO] [raft] [zap_raft.go:77] ["e3589da502d44cf6 became leader at term 2"]
[2024/11/13 19:00:53.767 +00:00] [INFO] [raft] [zap_raft.go:77] ["raft.node: e3589da502d44cf6 elected leader e3589da502d44cf6 at term 2"]
[2024/11/13 19:00:53.767 +00:00] [INFO] [server.go:2118] ["published local member to cluster through raft"] [local-member-id=e3589da502d44cf6] [local-member-attributes="{Name:pd0 ClientURLs:[http://pd0:2379]}"] [request-path=/0/members/e3589da502d44cf6/attributes] [cluster-id=ec2c6b4962f16225] [publish-timeout=11s]
[2024/11/13 19:00:53.767 +00:00] [INFO] [server.go:2629] ["setting up initial cluster version using v2 API"] [cluster-version=3.5]
[2024/11/13 19:00:53.767 +00:00] [INFO] [serve.go:103] ["ready to serve client requests"]
[2024/11/13 19:00:53.769 +00:00] [INFO] [cluster.go:584] ["set initial cluster version"] [cluster-id=ec2c6b4962f16225] [local-member-id=e3589da502d44cf6] [cluster-version=3.5]
[2024/11/13 19:00:53.770 +00:00] [INFO] [capability.go:75] ["enabled capabilities for version"] [cluster-version=3.5]
[2024/11/13 19:00:53.770 +00:00] [INFO] [server.go:2653] ["cluster version is updated"] [cluster-version=3.5]
[2024/11/13 19:00:53.771 +00:00] [INFO] [health.go:61] ["grpc service status changed"] [service=] [status=SERVING]
[2024/11/13 19:00:53.771 +00:00] [INFO] [registry.go:69] ["gRPC service already registered"] [prefix=pd0] [service-name=MetaStorage]
[2024/11/13 19:00:53.771 +00:00] [INFO] [registry.go:69] ["gRPC service already registered"] [prefix=pd0] [service-name=ResourceManager]
[2024/11/13 19:00:53.772 +00:00] [INFO] [serve.go:187] ["serving client traffic insecurely; this is strongly discouraged!"] [traffic=grpc+http] [address="[::]:2379"]
[2024/11/13 19:00:53.775 +00:00] [INFO] [server.go:437] ["init cluster id"] [cluster-id=7436840901165507610]
[2024/11/13 19:00:53.775 +00:00] [INFO] [member.go:350] ["member joining election"] [member-info="name:\"pd0\" member_id:16382016976602811638 peer_urls:\"http://pd0:2380\" client_urls:\"http://pd0:2379\" "] [root-path=/pd/7436840901165507610]
[2024/11/13 19:00:53.784 +00:00] [INFO] [allocator_manager.go:707] ["entering into allocator daemon"] []
[2024/11/13 19:00:53.785 +00:00] [INFO] [allocator_manager.go:456] ["delete the dc-location key previously written in etcd"] [] [server-id=16382016976602811638]
[2024/11/13 19:00:53.785 +00:00] [INFO] [history_buffer.go:154] ["start from history index"] [start-index=0]
[2024/11/13 19:00:53.789 +00:00] [INFO] [server.go:517] ["triggering the start callback functions"]
[2024/11/13 19:00:53.789 +00:00] [INFO] [manager.go:44] ["meta storage starts to initialize"] [name=pd0]
[2024/11/13 19:00:53.789 +00:00] [INFO] [manager.go:99] ["resource group manager starts to initialize"] [name=pd0]
[2024/11/13 19:00:53.789 +00:00] [INFO] [cgmon.go:58] ["cgroup monitor started"]
[2024/11/13 19:00:53.789 +00:00] [INFO] [cgmon.go:133] ["set the maxprocs"] [quota=10]
[2024/11/13 19:00:53.789 +00:00] [INFO] [cgmon.go:157] ["set the memory limit"] [mem-limit=16750510080]
[2024/11/13 19:00:53.789 +00:00] [INFO] [server.go:1690] ["start to campaign PD leader"] [campaign-leader-name=pd0]
[2024/11/13 19:00:53.790 +00:00] [INFO] [lease.go:75] ["lease granted"] [lease-id=5545781786436669453] [lease-timeout=3] [purpose="leader election"]
[2024/11/13 19:00:53.791 +00:00] [INFO] [leadership.go:197] ["check campaign resp"] [resp="{\"header\":{\"cluster_id\":17018095054863032869,\"member_id\":16382016976602811638,\"revision\":6,\"raft_term\":2},\"succeeded\":true,\"responses\":[{\"Response\":{\"response_put\":{\"header\":{\"revision\":6}}}}]}"]
[2024/11/13 19:00:53.791 +00:00] [INFO] [leadership.go:206] ["write leaderData to leaderPath ok"] [leader-key=/pd/7436840901165507610/leader] [purpose="leader election"]
[2024/11/13 19:00:53.791 +00:00] [INFO] [server.go:1716] ["campaign PD leader ok"] [campaign-leader-name=pd0]
[2024/11/13 19:00:53.791 +00:00] [INFO] [server.go:1724] ["initializing the global TSO allocator"]
[2024/11/13 19:00:53.791 +00:00] [INFO] [tso.go:161] ["start to sync timestamp"] []
[2024/11/13 19:00:53.791 +00:00] [INFO] [lease.go:167] ["start lease keep alive worker"] [interval=1s] [purpose="leader election"]
[2024/11/13 19:00:53.793 +00:00] [INFO] [tso.go:221] ["sync and save timestamp"] [] [last=0001/01/01 00:00:00.000 +00:00] [last-saved=0001/01/01 00:00:00.000 +00:00] [save=2024/11/13 19:00:56.792 +00:00] [next=2024/11/13 19:00:53.792 +00:00]
[2024/11/13 19:00:53.794 +00:00] [INFO] [server.go:1862] ["server enable region storage"]
[2024/11/13 19:00:53.795 +00:00] [INFO] [server.go:1756] ["triggering the leader callback functions"]
[2024/11/13 19:00:53.796 +00:00] [WARN] [manager.go:124] ["un-marshall controller config failed, fallback to default"] [error="unexpected end of JSON input"] [v=]
[2024/11/13 19:00:53.798 +00:00] [INFO] [manager.go:187] ["resource group manager finishes initialization"]
[2024/11/13 19:00:53.800 +00:00] [INFO] [id.go:175] ["idAllocator allocates a new id"] [new-end=1000] [new-base=0] [label=idalloc] [check-curr-end=true]
[2024/11/13 19:00:53.800 +00:00] [INFO] [util.go:49] ["load pd and cluster version"] [pd-version=8.4.0-alpha-38-g71f6f96] [cluster-version=0.0.0]
[2024/11/13 19:00:53.800 +00:00] [INFO] [server.go:1790] ["PD leader is ready to serve"] [leader-name=pd0]
[2024/11/13 19:00:54.792 +00:00] [INFO] [server.go:1313] ["PD server config is updated"] [new="{\"use-region-storage\":\"true\",\"max-gap-reset-ts\":\"24h0m0s\",\"key-type\":\"table\",\"runtime-services\":\"\",\"metric-storage\":\"\",\"dashboard-address\":\"http://pd0:2379\",\"flow-round-by-digit\":3,\"min-resolved-ts-persistence-interval\":\"1s\",\"server-memory-limit\":0,\"server-memory-limit-gc-trigger\":0.7,\"enable-gogc-tuner\":\"false\",\"gc-tuner-threshold\":0.6,\"block-safe-point-v1\":\"false\"}"] [old="{\"use-region-storage\":\"true\",\"max-gap-reset-ts\":\"24h0m0s\",\"key-type\":\"table\",\"runtime-services\":\"\",\"metric-storage\":\"\",\"dashboard-address\":\"auto\",\"flow-round-by-digit\":3,\"min-resolved-ts-persistence-interval\":\"1s\",\"server-memory-limit\":0,\"server-memory-limit-gc-trigger\":0.7,\"enable-gogc-tuner\":\"false\",\"gc-tuner-threshold\":0.6,\"block-safe-point-v1\":\"false\"}"]
[2024/11/13 19:00:55.853 +00:00] [INFO] [dbstore.go:33] ["Dashboard initializing local storage file"] [path=/data/pd/dashboard.sqlite.db]
[2024/11/13 19:00:55.883 +00:00] [INFO] [version.go:33] ["TiDB Dashboard started"] [internal-version=8.4.0-3d0c3db0] [standalone=No] [pd-version=v8.4.0-alpha-38-g71f6f96] [build-time="2024-09-14 08:36:39"] [build-git-hash=3d0c3db0d55c]
[2024/11/13 19:00:55.883 +00:00] [INFO] [manager.go:201] ["dashboard server is started"]
[2024/11/13 19:00:55.883 +00:00] [INFO] [proxy.go:211] ["start serve requests to remotes"] [endpoint=127.0.0.1:40883] [remotes="[]"]
[2024/11/13 19:00:55.883 +00:00] [INFO] [proxy.go:211] ["start serve requests to remotes"] [endpoint=127.0.0.1:44737] [remotes="[]"]
[2024/11/13 19:00:55.885 +00:00] [WARN] [dynamic_config_manager.go:165] ["Dynamic config does not exist in etcd"]
[2024/11/13 19:00:55.895 +00:00] [INFO] [manager.go:74] ["Key visual service is started"]
[2024/11/13 19:01:10.113 +00:00] [INFO] [main.go:293] ["got signal to exit"] [signal=terminated]
[2024/11/13 19:01:10.113 +00:00] [INFO] [server.go:548] ["closing server"]
[2024/11/13 19:01:10.113 +00:00] [INFO] [manager.go:85] ["Key visual service is stopped"]
[2024/11/13 19:01:10.114 +00:00] [INFO] [cgmon.go:75] ["cgroup monitor stopped"]
[2024/11/13 19:01:10.114 +00:00] [INFO] [server.go:1819] ["server is closed"]
[2024/11/13 19:01:10.114 +00:00] [INFO] [lease.go:153] ["lease keep alive stopped"] [purpose="leader election"]
[2024/11/13 19:01:10.114 +00:00] [INFO] [server.go:688] ["server is closed, exit metrics loop"]
[2024/11/13 19:01:10.114 +00:00] [INFO] [lease.go:202] ["stop lease keep alive worker"] [purpose="leader election"]
[2024/11/13 19:01:10.114 +00:00] [INFO] [server.go:1840] ["server is closed, exit etcd leader loop"]
[2024/11/13 19:01:10.114 +00:00] [INFO] [server.go:702] ["server is closed, exist encryption key manager loop"]
[2024/11/13 19:01:10.114 +00:00] [INFO] [allocator_manager.go:743] ["exit allocator daemon"] []
[2024/11/13 19:01:10.115 +00:00] [INFO] [allocator_manager.go:316] ["exit allocator loop"] []
[2024/11/13 19:01:10.114 +00:00] [INFO] [manager.go:212] ["dashboard server is stopped"]
[2024/11/13 19:01:10.115 +00:00] [INFO] [tso.go:437] ["reset the timestamp in memory"] []
[2024/11/13 19:01:10.115 +00:00] [INFO] [server.go:1617] ["server is closed, return PD leader loop"]
[2024/11/13 19:01:10.115 +00:00] [INFO] [health_checker.go:96] ["etcd client is closed, exit the endpoint syncer goroutine"] [source=server-etcd-client]
[2024/11/13 19:01:10.116 +00:00] [INFO] [health_checker.go:113] ["etcd client is closed, exit the health inspector goroutine"] [source=server-etcd-client]
[2024/11/13 19:01:10.116 +00:00] [INFO] [health_checker.go:96] ["etcd client is closed, exit the endpoint syncer goroutine"] [source=election-etcd-client]
[2024/11/13 19:01:10.116 +00:00] [INFO] [health_checker.go:113] ["etcd client is closed, exit the health inspector goroutine"] [source=election-etcd-client]
[2024/11/13 19:01:10.116 +00:00] [INFO] [etcd.go:377] ["closing etcd server"] [name=pd0] [data-dir=/data/pd] [advertise-peer-urls="[http://pd0:2380]"] [advertise-client-urls="[http://pd0:2379]"]
[2024/11/13 19:01:10.118 +00:00] [WARN] [serve.go:160] ["stopping insecure grpc server due to error"] [error="accept tcp [::]:2379: use of closed network connection"]
[2024/11/13 19:01:10.118 +00:00] [WARN] [serve.go:162] ["stopped insecure grpc server due to error"] [error="accept tcp [::]:2379: use of closed network connection"]
[2024/11/13 19:01:10.118 +00:00] [INFO] [server.go:1521] ["skipped leadership transfer for single voting member cluster"] [local-member-id=e3589da502d44cf6] [current-leader-member-id=e3589da502d44cf6]
[2024/11/13 19:01:10.125 +00:00] [INFO] [etcd.go:581] ["stopping serving peer traffic"] [address="[::]:2380"]
[2024/11/13 19:01:10.125 +00:00] [INFO] [etcd.go:586] ["stopped serving peer traffic"] [address="[::]:2380"]
[2024/11/13 19:01:10.125 +00:00] [INFO] [etcd.go:379] ["closed etcd server"] [name=pd0] [data-dir=/data/pd] [advertise-peer-urls="[http://pd0:2380]"] [advertise-client-urls="[http://pd0:2379]"]
[2024/11/13 19:01:10.126 +00:00] [INFO] [server.go:592] ["triggering the close callback functions"]
[2024/11/13 19:01:10.126 +00:00] [INFO] [manager.go:73] ["exit dashboard loop"]
[2024/11/13 19:01:10.126 +00:00] [INFO] [server.go:605] ["close server"]
[2024/11/13 19:02:47.187 +00:00] [INFO] [meminfo.go:213] ["use physical memory hook"] [cgroupMemorySize=9223372036854775807] [physicalMemorySize=16750510080]
[2024/11/13 19:02:47.188 +00:00] [INFO] [versioninfo.go:98] ["Welcome to Placement Driver (PD)"]
[2024/11/13 19:02:47.188 +00:00] [INFO] [versioninfo.go:99] [PD] [release-version=v8.4.0-alpha-38-g71f6f96]
[2024/11/13 19:02:47.188 +00:00] [INFO] [versioninfo.go:100] [PD] [edition=Community]
[2024/11/13 19:02:47.188 +00:00] [INFO] [versioninfo.go:101] [PD] [git-hash=71f6f96816e9eda512fbfb620079faef2b056d1b]
[2024/11/13 19:02:47.188 +00:00] [INFO] [versioninfo.go:102] [PD] [git-branch=HEAD]
[2024/11/13 19:02:47.188 +00:00] [INFO] [versioninfo.go:103] [PD] [utc-build-time="2024-09-14 08:36:39"]
[2024/11/13 19:02:47.188 +00:00] [INFO] [metricutil.go:86] ["disable Prometheus push client"]
[2024/11/13 19:02:47.189 +00:00] [INFO] [server.go:253] ["PD config"] [config="{\"client-urls\":\"http://0.0.0.0:2379\",\"peer-urls\":\"http://0.0.0.0:2380\",\"advertise-client-urls\":\"http://pd0:2379\",\"advertise-peer-urls\":\"http://pd0:2380\",\"name\":\"pd0\",\"data-dir\":\"/data/pd\",\"force-new-cluster\":false,\"enable-grpc-gateway\":true,\"initial-cluster\":\"pd0=http://pd0:2380\",\"initial-cluster-state\":\"new\",\"initial-cluster-token\":\"pd-cluster\",\"join\":\"\",\"lease\":3,\"log\":{\"level\":\"info\",\"format\":\"text\",\"disable-timestamp\":false,\"file\":{\"filename\":\"/logs/pd.log\",\"max-size\":0,\"max-days\":0,\"max-backups\":0},\"development\":false,\"disable-caller\":false,\"disable-stacktrace\":false,\"disable-error-verbose\":true,\"sampling\":null,\"error-output-path\":\"\"},\"max-concurrent-tso-proxy-streamings\":5000,\"tso-proxy-recv-from-client-timeout\":\"1h0m0s\",\"tso-save-interval\":\"3s\",\"tso-update-physical-interval\":\"50ms\",\"enable-local-tso\":false,\"metric\":{\"job\":\"pd0\",\"address\":\"\",\"interval\":\"15s\"},\"schedule\":{\"max-snapshot-count\":64,\"max-pending-peer-count\":64,\"max-merge-region-size\":54,\"max-merge-region-keys\":0,\"split-merge-interval\":\"1h0m0s\",\"switch-witness-interval\":\"1h0m0s\",\"enable-one-way-merge\":\"false\",\"enable-cross-table-merge\":\"true\",\"patrol-region-interval\":\"10ms\",\"max-store-down-time\":\"30m0s\",\"max-store-preparing-time\":\"48h0m0s\",\"leader-schedule-limit\":4,\"leader-schedule-policy\":\"count\",\"region-schedule-limit\":2048,\"witness-schedule-limit\":4,\"replica-schedule-limit\":64,\"merge-schedule-limit\":8,\"hot-region-schedule-limit\":4,\"hot-region-cache-hits-threshold\":3,\"store-limit\":{},\"tolerant-size-ratio\":0,\"low-space-ratio\":0.8,\"high-space-ratio\":0.7,\"region-score-formula-version\":\"v2\",\"scheduler-max-waiting-operator\":5,\"enable-remove-down-replica\":\"true\",\"enable-replace-offline-replica\":\"true\",\"enable-make-up-replica\":\"true\",\"enable-remove-extra-replica\":\"true\",\"enable-location-replacement\":\"true\",\"enable-debug-metrics\":\"false\",\"enable-joint-consensus\":\"true\",\"enable-tikv-split-region\":\"true\",\"enable-heartbeat-breakdown-metrics\":\"true\",\"enable-heartbeat-concurrent-runner\":\"true\",\"schedulers-v2\":[{\"type\":\"balance-region\",\"args\":null,\"disable\":false,\"args-payload\":\"\"},{\"type\":\"balance-leader\",\"args\":null,\"disable\":false,\"args-payload\":\"\"},{\"type\":\"hot-region\",\"args\":null,\"disable\":false,\"args-payload\":\"\"},{\"type\":\"evict-slow-store\",\"args\":null,\"disable\":false,\"args-payload\":\"\"}],\"hot-regions-write-interval\":\"10m0s\",\"hot-regions-reserved-days\":7,\"max-movable-hot-peer-size\":512,\"enable-diagnostic\":\"true\",\"enable-witness\":\"false\",\"slow-store-evicting-affected-store-ratio-threshold\":0.3,\"store-limit-version\":\"v1\"},\"replication\":{\"max-replicas\":1,\"location-labels\":\"\",\"strictly-match-label\":\"false\",\"enable-placement-rules\":\"true\",\"enable-placement-rules-cache\":\"false\",\"isolation-level\":\"\"},\"pd-server\":{\"use-region-storage\":\"true\",\"max-gap-reset-ts\":\"24h0m0s\",\"key-type\":\"table\",\"runtime-services\":\"\",\"metric-storage\":\"\",\"dashboard-address\":\"auto\",\"flow-round-by-digit\":3,\"min-resolved-ts-persistence-interval\":\"1s\",\"server-memory-limit\":0,\"server-memory-limit-gc-trigger\":0.7,\"enable-gogc-tuner\":\"false\",\"gc-tuner-threshold\":0.6,\"block-safe-point-v1\":\"false\"},\"cluster-version\":\"0.0.0\",\"labels\":{},\"quota-backend-bytes\":\"8GiB\",\"auto-compaction-mode\":\"periodic\",\"auto-compaction-retention-v2\":\"1h\",\"TickInterval\":\"500ms\",\"ElectionInterval\":\"3s\",\"PreVote\":true,\"max-request-bytes\":157286400,\"security\":{\"cacert-path\":\"\",\"cert-path\":\"\",\"key-path\":\"\",\"cert-allowed-cn\":null,\"SSLCABytes\":null,\"SSLCertBytes\":null,\"SSLKEYBytes\":null,\"redact-info-log\":false,\"encryption\":{\"data-encryption-method\":\"plaintext\",\"data-key-rotation-period\":\"168h0m0s\",\"master-key\":{\"type\":\"plaintext\",\"key-id\":\"\",\"region\":\"\",\"endpoint\":\"\",\"path\":\"\"}}},\"label-property\":null,\"WarningMsgs\":null,\"DisableStrictReconfigCheck\":false,\"HeartbeatStreamBindInterval\":\"1m0s\",\"LeaderPriorityCheckInterval\":\"1m0s\",\"dashboard\":{\"tidb-cacert-path\":\"\",\"tidb-cert-path\":\"\",\"tidb-key-path\":\"\",\"public-path-prefix\":\"\",\"internal-proxy\":false,\"enable-telemetry\":false,\"enable-experimental\":false,\"disable-custom-prom-addr\":false},\"replication-mode\":{\"replication-mode\":\"majority\",\"dr-auto-sync\":{\"label-key\":\"\",\"primary\":\"\",\"dr\":\"\",\"primary-replicas\":0,\"dr-replicas\":0,\"wait-store-timeout\":\"1m0s\",\"wait-recover-timeout\":\"0s\",\"pause-region-split\":\"false\"}},\"keyspace\":{\"pre-alloc\":null,\"wait-region-split\":true,\"wait-region-split-timeout\":\"30s\",\"check-region-split-interval\":\"50ms\"},\"micro-service\":{\"enable-scheduling-fallback\":\"true\"},\"controller\":{\"degraded-mode-wait-duration\":\"0s\",\"ltb-max-wait-duration\":\"30s\",\"ltb-token-rpc-max-delay\":\"1s\",\"request-unit\":{\"read-base-cost\":0.125,\"read-per-batch-base-cost\":0.5,\"read-cost-per-byte\":0.0000152587890625,\"write-base-cost\":1,\"write-per-batch-base-cost\":1,\"write-cost-per-byte\":0.0009765625,\"read-cpu-ms-cost\":0.3333333333333333},\"enable-controller-trace-log\":\"false\"}}"]
[2024/11/13 19:02:47.191 +00:00] [INFO] [apiutil.go:437] ["register REST path"] [path=/pd/api/v1]
[2024/11/13 19:02:47.191 +00:00] [INFO] [apiutil.go:437] ["register REST path"] [path=/pd/api/v2/]
[2024/11/13 19:02:47.191 +00:00] [INFO] [apiutil.go:437] ["register REST path"] [path=/autoscaling]
[2024/11/13 19:02:47.191 +00:00] [INFO] [distro.go:51] ["using distribution strings"] [strings={}]
[2024/11/13 19:02:47.194 +00:00] [INFO] [apiutil.go:437] ["register REST path"] [path=/dashboard/api/]
[2024/11/13 19:02:47.194 +00:00] [INFO] [apiutil.go:437] ["register REST path"] [path=/dashboard/]
[2024/11/13 19:02:47.194 +00:00] [INFO] [registry.go:97] ["restful API service registered successfully"] [prefix=pd0] [service-name=MetaStorage]
[2024/11/13 19:02:47.194 +00:00] [INFO] [apiutil.go:437] ["register REST path"] [path=/resource-manager/api/v1/]
[2024/11/13 19:02:47.194 +00:00] [INFO] [registry.go:97] ["restful API service registered successfully"] [prefix=pd0] [service-name=ResourceManager]
[2024/11/13 19:02:47.195 +00:00] [WARN] [config.go:687] ["Running http and grpc server on single port. This is not recommended for production."]
[2024/11/13 19:02:47.195 +00:00] [INFO] [etcd.go:128] ["configuring peer listeners"] [listen-peer-urls="[http://0.0.0.0:2380]"]
[2024/11/13 19:02:47.195 +00:00] [INFO] [etcd.go:136] ["configuring client listeners"] [listen-client-urls="[http://0.0.0.0:2379]"]
[2024/11/13 19:02:47.195 +00:00] [INFO] [etcd.go:620] ["pprof is enabled"] [path=/debug/pprof]
[2024/11/13 19:02:47.195 +00:00] [INFO] [systimemon.go:30] ["start system time monitor"]
[2024/11/13 19:02:47.196 +00:00] [INFO] [etcd.go:310] ["starting an etcd server"] [etcd-version=3.5.15] [git-sha="Not provided (use ./build instead of go build)"] [go-version=go1.21.13] [go-os=linux] [go-arch=arm64] [max-cpu-set=10] [max-cpu-available=10] [member-initialized=true] [name=pd0] [data-dir=/data/pd] [wal-dir=] [wal-dir-dedicated=] [member-dir=/data/pd/member] [force-new-cluster=false] [heartbeat-interval=500ms] [election-timeout=3s] [initial-election-tick-advance=true] [snapshot-count=100000] [max-wals=5] [max-snapshots=5] [snapshot-catchup-entries=5000] [initial-advertise-peer-urls="[http://pd0:2380]"] [listen-peer-urls="[http://0.0.0.0:2380]"] [advertise-client-urls="[http://pd0:2379]"] [listen-client-urls="[http://0.0.0.0:2379]"] [listen-metrics-urls="[]"] [cors="[*]"] [host-whitelist="[*]"] [initial-cluster=] [initial-cluster-state=new] [initial-cluster-token=] [quota-backend-bytes=8589934592] [max-request-bytes=157286400] [max-concurrent-streams=4294967295] [pre-vote=true] [initial-corrupt-check=false] [corrupt-check-time-interval=0s] [compact-check-time-enabled=false] [compact-check-time-interval=1m0s] [auto-compaction-mode=periodic] [auto-compaction-retention=1h0m0s] [auto-compaction-interval=1h0m0s] [discovery-url=] [discovery-proxy=] [downgrade-check-interval=5s]
[2024/11/13 19:02:47.197 +00:00] [WARN] [server.go:344] ["exceeded recommended request limit"] [max-request-bytes=157286400] [max-request-size="157 MB"] [recommended-request-bytes=10485760] [recommended-request-size="10 MB"]
[2024/11/13 19:02:47.217 +00:00] [INFO] [backend.go:81] ["opened backend db"] [path=/data/pd/member/snap/db] [took=18.879166ms]
[2024/11/13 19:02:47.222 +00:00] [INFO] [server.go:532] ["No snapshot found. Recovering WAL from scratch!"]
[2024/11/13 19:02:47.263 +00:00] [INFO] [raft.go:530] ["restarting local member"] [cluster-id=ec2c6b4962f16225] [local-member-id=e3589da502d44cf6] [commit-index=25]
[2024/11/13 19:02:47.264 +00:00] [INFO] [raft] [zap_raft.go:77] ["e3589da502d44cf6 switched to configuration voters=()"]
[2024/11/13 19:02:47.275 +00:00] [INFO] [raft] [zap_raft.go:77] ["e3589da502d44cf6 became follower at term 2"]
[2024/11/13 19:02:47.277 +00:00] [INFO] [raft] [zap_raft.go:77] ["newRaft e3589da502d44cf6 [peers: [], term: 2, commit: 25, applied: 0, lastindex: 25, lastterm: 2]"]
[2024/11/13 19:02:47.288 +00:00] [WARN] [store.go:1241] ["simple token is not cryptographically signed"]
[2024/11/13 19:02:47.290 +00:00] [INFO] [kvstore.go:418] ["kvstore restored"] [current-rev=20]
[2024/11/13 19:02:47.293 +00:00] [INFO] [quota.go:117] ["enabled backend quota"] [quota-name=v3-applier] [quota-size-bytes=8589934592] [quota-size="8.6 GB"]
[2024/11/13 19:02:47.296 +00:00] [INFO] [server.go:867] ["starting etcd server"] [local-member-id=e3589da502d44cf6] [local-server-version=3.5.15] [cluster-version=to_be_decided]
[2024/11/13 19:02:47.297 +00:00] [INFO] [health.go:61] ["grpc service status changed"] [service=] [status=SERVING]
[2024/11/13 19:02:47.297 +00:00] [INFO] [raft] [zap_raft.go:77] ["e3589da502d44cf6 switched to configuration voters=(16382016976602811638)"]
[2024/11/13 19:02:47.298 +00:00] [INFO] [cluster.go:421] ["added member"] [cluster-id=ec2c6b4962f16225] [local-member-id=e3589da502d44cf6] [added-peer-id=e3589da502d44cf6] [added-peer-peer-urls="[http://pd0:2380]"]
[2024/11/13 19:02:47.297 +00:00] [INFO] [server.go:767] ["starting initial election tick advance"] [election-ticks=6]
[2024/11/13 19:02:47.297 +00:00] [INFO] [purge.go:50] ["started to purge file"] [dir=/data/pd/member/snap] [suffix=snap.db] [max=5] [interval=30s]
[2024/11/13 19:02:47.298 +00:00] [INFO] [etcd.go:279] ["now serving peer/client/metrics"] [local-member-id=e3589da502d44cf6] [initial-advertise-peer-urls="[http://pd0:2380]"] [listen-peer-urls="[http://0.0.0.0:2380]"] [advertise-client-urls="[http://pd0:2379]"] [listen-client-urls="[http://0.0.0.0:2379]"] [listen-metrics-urls="[]"]
[2024/11/13 19:02:47.298 +00:00] [INFO] [etcd.go:599] ["serving peer traffic"] [address="[::]:2380"]
[2024/11/13 19:02:47.300 +00:00] [INFO] [etcd.go:571] [cmux::serve] [address="[::]:2380"]
[2024/11/13 19:02:47.300 +00:00] [INFO] [cluster.go:584] ["set initial cluster version"] [cluster-id=ec2c6b4962f16225] [local-member-id=e3589da502d44cf6] [cluster-version=3.5]
[2024/11/13 19:02:47.301 +00:00] [INFO] [capability.go:75] ["enabled capabilities for version"] [cluster-version=3.5]
[2024/11/13 19:02:47.300 +00:00] [INFO] [purge.go:50] ["started to purge file"] [dir=/data/pd/member/snap] [suffix=snap] [max=5] [interval=30s]
[2024/11/13 19:02:47.301 +00:00] [INFO] [purge.go:50] ["started to purge file"] [dir=/data/pd/member/wal] [suffix=wal] [max=5] [interval=30s]
[2024/11/13 19:02:50.786 +00:00] [INFO] [raft] [zap_raft.go:77] ["e3589da502d44cf6 is starting a new election at term 2"]
[2024/11/13 19:02:50.787 +00:00] [INFO] [raft] [zap_raft.go:77] ["e3589da502d44cf6 became pre-candidate at term 2"]
[2024/11/13 19:02:50.787 +00:00] [INFO] [raft] [zap_raft.go:77] ["e3589da502d44cf6 received MsgPreVoteResp from e3589da502d44cf6 at term 2"]
[2024/11/13 19:02:50.787 +00:00] [INFO] [raft] [zap_raft.go:77] ["e3589da502d44cf6 became candidate at term 3"]
[2024/11/13 19:02:50.788 +00:00] [INFO] [raft] [zap_raft.go:77] ["e3589da502d44cf6 received MsgVoteResp from e3589da502d44cf6 at term 3"]
[2024/11/13 19:02:50.788 +00:00] [INFO] [raft] [zap_raft.go:77] ["e3589da502d44cf6 became leader at term 3"]
[2024/11/13 19:02:50.788 +00:00] [INFO] [raft] [zap_raft.go:77] ["raft.node: e3589da502d44cf6 elected leader e3589da502d44cf6 at term 3"]
[2024/11/13 19:02:50.795 +00:00] [INFO] [server.go:2118] ["published local member to cluster through raft"] [local-member-id=e3589da502d44cf6] [local-member-attributes="{Name:pd0 ClientURLs:[http://pd0:2379]}"] [request-path=/0/members/e3589da502d44cf6/attributes] [cluster-id=ec2c6b4962f16225] [publish-timeout=11s]
[2024/11/13 19:02:50.795 +00:00] [INFO] [serve.go:103] ["ready to serve client requests"]
[2024/11/13 19:02:50.796 +00:00] [INFO] [health.go:61] ["grpc service status changed"] [service=] [status=SERVING]
[2024/11/13 19:02:50.796 +00:00] [INFO] [registry.go:69] ["gRPC service already registered"] [prefix=pd0] [service-name=MetaStorage]
[2024/11/13 19:02:50.796 +00:00] [INFO] [registry.go:69] ["gRPC service already registered"] [prefix=pd0] [service-name=ResourceManager]
[2024/11/13 19:02:50.797 +00:00] [INFO] [serve.go:187] ["serving client traffic insecurely; this is strongly discouraged!"] [traffic=grpc+http] [address="[::]:2379"]
[2024/11/13 19:02:50.800 +00:00] [INFO] [server.go:437] ["init cluster id"] [cluster-id=7436840901165507610]
[2024/11/13 19:02:50.800 +00:00] [INFO] [member.go:350] ["member joining election"] [member-info="name:\"pd0\" member_id:16382016976602811638 peer_urls:\"http://pd0:2380\" client_urls:\"http://pd0:2379\" "] [root-path=/pd/7436840901165507610]
[2024/11/13 19:02:50.815 +00:00] [INFO] [allocator_manager.go:707] ["entering into allocator daemon"] []
[2024/11/13 19:02:50.816 +00:00] [INFO] [allocator_manager.go:456] ["delete the dc-location key previously written in etcd"] [] [server-id=16382016976602811638]
[2024/11/13 19:02:50.816 +00:00] [INFO] [history_buffer.go:154] ["start from history index"] [start-index=0]
[2024/11/13 19:02:50.820 +00:00] [INFO] [server.go:517] ["triggering the start callback functions"]
[2024/11/13 19:02:50.820 +00:00] [INFO] [manager.go:44] ["meta storage starts to initialize"] [name=pd0]
[2024/11/13 19:02:50.820 +00:00] [INFO] [manager.go:99] ["resource group manager starts to initialize"] [name=pd0]
[2024/11/13 19:02:50.821 +00:00] [INFO] [cgmon.go:58] ["cgroup monitor started"]
[2024/11/13 19:02:50.821 +00:00] [INFO] [cgmon.go:133] ["set the maxprocs"] [quota=10]
[2024/11/13 19:02:50.821 +00:00] [INFO] [server.go:1690] ["start to campaign PD leader"] [campaign-leader-name=pd0]
[2024/11/13 19:02:50.821 +00:00] [INFO] [cgmon.go:157] ["set the memory limit"] [mem-limit=16750510080]
[2024/11/13 19:02:50.822 +00:00] [INFO] [lease.go:75] ["lease granted"] [lease-id=5545781786465858827] [lease-timeout=3] [purpose="leader election"]
[2024/11/13 19:02:50.823 +00:00] [INFO] [leadership.go:197] ["check campaign resp"] [resp="{\"header\":{\"cluster_id\":17018095054863032869,\"member_id\":16382016976602811638,\"revision\":24,\"raft_term\":3},\"succeeded\":true,\"responses\":[{\"Response\":{\"response_put\":{\"header\":{\"revision\":24}}}}]}"]
[2024/11/13 19:02:50.823 +00:00] [INFO] [leadership.go:206] ["write leaderData to leaderPath ok"] [leader-key=/pd/7436840901165507610/leader] [purpose="leader election"]
[2024/11/13 19:02:50.823 +00:00] [INFO] [server.go:1716] ["campaign PD leader ok"] [campaign-leader-name=pd0]
[2024/11/13 19:02:50.823 +00:00] [INFO] [server.go:1724] ["initializing the global TSO allocator"]
[2024/11/13 19:02:50.823 +00:00] [INFO] [tso.go:161] ["start to sync timestamp"] []
[2024/11/13 19:02:50.823 +00:00] [INFO] [lease.go:167] ["start lease keep alive worker"] [interval=1s] [purpose="leader election"]
[2024/11/13 19:02:50.824 +00:00] [INFO] [tso.go:221] ["sync and save timestamp"] [] [last=2024/11/13 19:01:11.887 +00:00] [last-saved=0001/01/01 00:00:00.000 +00:00] [save=2024/11/13 19:02:53.823 +00:00] [next=2024/11/13 19:02:50.823 +00:00]
[2024/11/13 19:02:50.824 +00:00] [INFO] [server.go:1862] ["server enable region storage"]
[2024/11/13 19:02:50.825 +00:00] [INFO] [server.go:1756] ["triggering the leader callback functions"]
[2024/11/13 19:02:50.826 +00:00] [INFO] [manager.go:187] ["resource group manager finishes initialization"]
[2024/11/13 19:02:50.827 +00:00] [INFO] [id.go:175] ["idAllocator allocates a new id"] [new-end=2000] [new-base=1000] [label=idalloc] [check-curr-end=true]
[2024/11/13 19:02:50.827 +00:00] [INFO] [util.go:49] ["load pd and cluster version"] [pd-version=8.4.0-alpha-38-g71f6f96] [cluster-version=0.0.0]
[2024/11/13 19:02:50.827 +00:00] [INFO] [server.go:1790] ["PD leader is ready to serve"] [leader-name=pd0]
[2024/11/13 19:02:51.991 +00:00] [INFO] [dbstore.go:33] ["Dashboard initializing local storage file"] [path=/data/pd/dashboard.sqlite.db]
[2024/11/13 19:02:52.000 +00:00] [INFO] [version.go:33] ["TiDB Dashboard started"] [internal-version=8.4.0-3d0c3db0] [standalone=No] [pd-version=v8.4.0-alpha-38-g71f6f96] [build-time="2024-09-14 08:36:39"] [build-git-hash=3d0c3db0d55c]
[2024/11/13 19:02:52.000 +00:00] [INFO] [manager.go:201] ["dashboard server is started"]
[2024/11/13 19:02:52.000 +00:00] [INFO] [proxy.go:211] ["start serve requests to remotes"] [endpoint=127.0.0.1:46573] [remotes="[]"]
[2024/11/13 19:02:52.000 +00:00] [INFO] [proxy.go:211] ["start serve requests to remotes"] [endpoint=127.0.0.1:35165] [remotes="[]"]
[2024/11/13 19:02:52.009 +00:00] [INFO] [manager.go:74] ["Key visual service is started"]
[2024/11/13 19:03:10.485 +00:00] [INFO] [grpc_service.go:99] ["watch request"] [key=resource_group/settings] [range-end=resource_group/settingt] [start-revision=34]
[2024/11/13 19:03:18.518 +00:00] [INFO] [grpc_service.go:99] ["watch request"] [key=resource_group/settings] [range-end=resource_group/settingt] [start-revision=37]
[2024/11/13 19:03:20.887 +00:00] [INFO] [grpc_service.go:99] ["watch request"] [key=/tidb/br-stream/pause/] [range-end=/tidb/br-stream/pause0] [start-revision=38]
[2024/11/13 19:03:20.888 +00:00] [INFO] [grpc_service.go:99] ["watch request"] [key=/tidb/br-stream/info/] [range-end=/tidb/br-stream/info0] [start-revision=38]
[2024/11/13 19:03:20.903 +00:00] [INFO] [server.go:714] ["try to bootstrap raft cluster"] [cluster-id=7436840901165507610] [request="header:<cluster_id:7436840901165507610 > store:<id:1001 address:\"tikv:20160\" version:\"8.4.0-alpha\" peer_address:\"tikv:20160\" status_address:\"tikv:20180\" git_hash:\"7c612787d0bfc57a339907ebcb26777dc296fd5f\" start_timestamp:1731524600 deploy_path:\"/\" > region:<id:1002 region_epoch:<conf_ver:1 version:1 > peers:<id:1003 store_id:1001 > > "]
[2024/11/13 19:03:20.904 +00:00] [INFO] [server.go:775] ["bootstrap cluster ok"] [cluster-id=7436840901165507610]
[2024/11/13 19:03:20.910 +00:00] [INFO] [cluster.go:652] ["load stores"] [count=1] [cost=1.306458ms]
[2024/11/13 19:03:20.912 +00:00] [INFO] [cluster.go:663] ["load regions"] [count=1] [cost=1.020125ms]
[2024/11/13 19:03:20.914 +00:00] [INFO] [scheduling_controller.go:103] ["scheduling service is started"]
[2024/11/13 19:03:20.915 +00:00] [INFO] [coordinator.go:223] ["coordinator starts to collect cluster information"]
[2024/11/13 19:03:20.915 +00:00] [INFO] [cluster.go:425] ["memory info"] [total-mem=16750510080]
[2024/11/13 19:03:20.915 +00:00] [INFO] [tuner.go:117] ["new gctuner"] [threshold=10050306048]
[2024/11/13 19:03:20.915 +00:00] [INFO] [cluster.go:438] ["update gc tuner"] [enable-gc-tuner=false] [gc-threshold-bytes=10050306048]
[2024/11/13 19:03:20.915 +00:00] [INFO] [memory_limit_tuner.go:50] [debug.SetMemoryLimit] [limit=9223372036854775807] [ret=9223372036854775807]
[2024/11/13 19:03:20.915 +00:00] [INFO] [cluster.go:445] ["update gc memory limit"] [memory-limit-bytes=0] [memory-limit-gc-trigger-ratio=0.7]
[2024/11/13 19:03:20.916 +00:00] [INFO] [keyspace.go:392] ["[keyspace] added region label for keyspace"] [keyspace-id=0] [label-rule="id: keyspaces/0, index: 0, type: key-range, labels: [key: id, value: 0], data: [startKey: {7200000000000000fb}, endKey: {7200000100000000fb}, startKey: {7800000000000000fb}, endKey: {7800000100000000fb}]"] [takes=940.583µs]
[2024/11/13 19:03:20.920 +00:00] [INFO] [cluster.go:2017] ["cluster version changed"] [old-cluster-version=0.0.0] [new-cluster-version=8.4.0-alpha]
[2024/11/13 19:03:20.921 +00:00] [INFO] [cluster.go:2106] ["store limit added"] [store-id=1001]
[2024/11/13 19:03:20.921 +00:00] [INFO] [grpc_service.go:839] ["put store ok"] [store="id:1001 address:\"tikv:20160\" version:\"8.4.0-alpha\" peer_address:\"tikv:20160\" status_address:\"tikv:20180\" git_hash:\"7c612787d0bfc57a339907ebcb26777dc296fd5f\" start_timestamp:1731524600 deploy_path:\"/\" "]
[2024/11/13 19:03:20.921 +00:00] [INFO] [util.go:49] ["load pd and cluster version"] [pd-version=8.4.0-alpha-38-g71f6f96] [cluster-version=8.4.0-alpha]
[2024/11/13 19:03:22.480 +00:00] [INFO] [cluster_worker.go:156] ["alloc ids for region split"] [region-id=1004] [peer-ids="[1005]"]
[2024/11/13 19:03:22.483 +00:00] [INFO] [region.go:765] ["region Version changed"] [region-id=1002] [detail="StartKey Changed:{} -> {748000FFFFFFFFFFFFFE00000000000000F8}, EndKey:{}"] [old-version=1] [new-version=2]
[2024/11/13 19:03:22.482 +00:00] [INFO] [cluster_worker.go:248] ["region batch split, generate new regions"] [region-id=1002] [origin="id:1004 end_key:\"748000FFFFFFFFFFFFFE00000000000000F8\" region_epoch:<conf_ver:1 version:2 > peers:<id:1005 store_id:1001 >"] [total=1]
[2024/11/13 19:03:22.489 +00:00] [INFO] [cluster_worker.go:156] ["alloc ids for region split"] [region-id=1006] [peer-ids="[1007]"]
[2024/11/13 19:03:22.490 +00:00] [INFO] [region.go:765] ["region Version changed"] [region-id=1004] [detail="StartKey Changed:{} -> {748000FFFFFFFFFFFFFD00000000000000F8}, EndKey:{748000FFFFFFFFFFFFFE00000000000000F8}"] [old-version=2] [new-version=3]
[2024/11/13 19:03:22.490 +00:00] [INFO] [cluster_worker.go:248] ["region batch split, generate new regions"] [region-id=1004] [origin="id:1006 end_key:\"748000FFFFFFFFFFFFFD00000000000000F8\" region_epoch:<conf_ver:1 version:3 > peers:<id:1007 store_id:1001 >"] [total=1]
[2024/11/13 19:03:22.496 +00:00] [INFO] [cluster_worker.go:156] ["alloc ids for region split"] [region-id=1008] [peer-ids="[1009]"]
[2024/11/13 19:03:22.497 +00:00] [INFO] [region.go:765] ["region Version changed"] [region-id=1006] [detail="StartKey Changed:{} -> {748000FFFFFFFFFFFFFC00000000000000F8}, EndKey:{748000FFFFFFFFFFFFFD00000000000000F8}"] [old-version=3] [new-version=4]
[2024/11/13 19:03:22.497 +00:00] [INFO] [cluster_worker.go:248] ["region batch split, generate new regions"] [region-id=1006] [origin="id:1008 end_key:\"748000FFFFFFFFFFFFFC00000000000000F8\" region_epoch:<conf_ver:1 version:4 > peers:<id:1009 store_id:1001 >"] [total=1]
[2024/11/13 19:03:22.528 +00:00] [INFO] [cluster_worker.go:156] ["alloc ids for region split"] [region-id=1010] [peer-ids="[1011]"]
[2024/11/13 19:03:22.529 +00:00] [INFO] [region.go:765] ["region Version changed"] [region-id=1008] [detail="StartKey Changed:{} -> {748000FFFFFFFFFFFFFB00000000000000F8}, EndKey:{748000FFFFFFFFFFFFFC00000000000000F8}"] [old-version=4] [new-version=5]
[2024/11/13 19:03:22.529 +00:00] [INFO] [cluster_worker.go:248] ["region batch split, generate new regions"] [region-id=1008] [origin="id:1010 end_key:\"748000FFFFFFFFFFFFFB00000000000000F8\" region_epoch:<conf_ver:1 version:5 > peers:<id:1011 store_id:1001 >"] [total=1]
[2024/11/13 19:03:22.538 +00:00] [INFO] [cluster_worker.go:156] ["alloc ids for region split"] [region-id=1012] [peer-ids="[1013]"]
[2024/11/13 19:03:22.540 +00:00] [INFO] [region.go:765] ["region Version changed"] [region-id=1010] [detail="StartKey Changed:{} -> {748000FFFFFFFFFFFFFA00000000000000F8}, EndKey:{748000FFFFFFFFFFFFFB00000000000000F8}"] [old-version=5] [new-version=6]
[2024/11/13 19:03:22.540 +00:00] [INFO] [cluster_worker.go:248] ["region batch split, generate new regions"] [region-id=1010] [origin="id:1012 end_key:\"748000FFFFFFFFFFFFFA00000000000000F8\" region_epoch:<conf_ver:1 version:6 > peers:<id:1013 store_id:1001 >"] [total=1]
[2024/11/13 19:03:22.544 +00:00] [INFO] [cluster_worker.go:156] ["alloc ids for region split"] [region-id=1014] [peer-ids="[1015]"]
[2024/11/13 19:03:22.545 +00:00] [INFO] [region.go:765] ["region Version changed"] [region-id=1012] [detail="StartKey Changed:{} -> {748000FFFFFFFFFFFFF900000000000000F8}, EndKey:{748000FFFFFFFFFFFFFA00000000000000F8}"] [old-version=6] [new-version=7]
[2024/11/13 19:03:22.545 +00:00] [INFO] [cluster_worker.go:248] ["region batch split, generate new regions"] [region-id=1012] [origin="id:1014 end_key:\"748000FFFFFFFFFFFFF900000000000000F8\" region_epoch:<conf_ver:1 version:7 > peers:<id:1015 store_id:1001 >"] [total=1]
[2024/11/13 19:03:22.592 +00:00] [INFO] [grpc_service.go:99] ["watch request"] [key=resource_group/controller] [range-end=resource_group/controlles] [start-revision=51]
[2024/11/13 19:03:22.592 +00:00] [INFO] [grpc_service.go:99] ["watch request"] [key=resource_group/settings] [range-end=resource_group/settingt] [start-revision=51]
[2024/11/13 19:03:22.731 +00:00] [INFO] [cluster_worker.go:156] ["alloc ids for region split"] [region-id=1016] [peer-ids="[1017]"]
[2024/11/13 19:03:22.733 +00:00] [INFO] [region.go:765] ["region Version changed"] [region-id=1014] [detail="StartKey Changed:{} -> {7480000000000000FF0400000000000000F8}, EndKey:{748000FFFFFFFFFFFFF900000000000000F8}"] [old-version=7] [new-version=8]
[2024/11/13 19:03:22.733 +00:00] [INFO] [cluster_worker.go:248] ["region batch split, generate new regions"] [region-id=1014] [origin="id:1016 end_key:\"7480000000000000FF0400000000000000F8\" region_epoch:<conf_ver:1 version:8 > peers:<id:1017 store_id:1001 >"] [total=1]
[2024/11/13 19:03:22.759 +00:00] [INFO] [cluster_worker.go:156] ["alloc ids for region split"] [region-id=1018] [peer-ids="[1019]"]
[2024/11/13 19:03:22.761 +00:00] [INFO] [cluster_worker.go:248] ["region batch split, generate new regions"] [region-id=1014] [origin="id:1018 start_key:\"7480000000000000FF0400000000000000F8\" end_key:\"7480000000000000FF0600000000000000F8\" region_epoch:<conf_ver:1 version:9 > peers:<id:1019 store_id:1001 >"] [total=1]
[2024/11/13 19:03:22.761 +00:00] [INFO] [region.go:765] ["region Version changed"] [region-id=1014] [detail="StartKey Changed:{7480000000000000FF0400000000000000F8} -> {7480000000000000FF0600000000000000F8}, EndKey:{748000FFFFFFFFFFFFF900000000000000F8}"] [old-version=8] [new-version=9]
[2024/11/13 19:03:22.792 +00:00] [INFO] [cluster_worker.go:156] ["alloc ids for region split"] [region-id=1020] [peer-ids="[1021]"]
[2024/11/13 19:03:22.793 +00:00] [INFO] [region.go:765] ["region Version changed"] [region-id=1014] [detail="StartKey Changed:{7480000000000000FF0600000000000000F8} -> {7480000000000000FF0800000000000000F8}, EndKey:{748000FFFFFFFFFFFFF900000000000000F8}"] [old-version=9] [new-version=10]
[2024/11/13 19:03:22.793 +00:00] [INFO] [cluster_worker.go:248] ["region batch split, generate new regions"] [region-id=1014] [origin="id:1020 start_key:\"7480000000000000FF0600000000000000F8\" end_key:\"7480000000000000FF0800000000000000F8\" region_epoch:<conf_ver:1 version:10 > peers:<id:1021 store_id:1001 >"] [total=1]
[2024/11/13 19:03:22.835 +00:00] [INFO] [cluster_worker.go:156] ["alloc ids for region split"] [region-id=1022] [peer-ids="[1023]"]
[2024/11/13 19:03:22.836 +00:00] [INFO] [cluster_worker.go:248] ["region batch split, generate new regions"] [region-id=1014] [origin="id:1022 start_key:\"7480000000000000FF0800000000000000F8\" end_key:\"7480000000000000FF0A00000000000000F8\" region_epoch:<conf_ver:1 version:11 > peers:<id:1023 store_id:1001 >"] [total=1]
[2024/11/13 19:03:22.836 +00:00] [INFO] [region.go:765] ["region Version changed"] [region-id=1014] [detail="StartKey Changed:{7480000000000000FF0800000000000000F8} -> {7480000000000000FF0A00000000000000F8}, EndKey:{748000FFFFFFFFFFFFF900000000000000F8}"] [old-version=10] [new-version=11]
[2024/11/13 19:03:22.863 +00:00] [INFO] [cluster_worker.go:156] ["alloc ids for region split"] [region-id=1024] [peer-ids="[1025]"]
[2024/11/13 19:03:22.865 +00:00] [INFO] [region.go:765] ["region Version changed"] [region-id=1014] [detail="StartKey Changed:{7480000000000000FF0A00000000000000F8} -> {7480000000000000FF0C00000000000000F8}, EndKey:{748000FFFFFFFFFFFFF900000000000000F8}"] [old-version=11] [new-version=12]
[2024/11/13 19:03:22.865 +00:00] [INFO] [cluster_worker.go:248] ["region batch split, generate new regions"] [region-id=1014] [origin="id:1024 start_key:\"7480000000000000FF0A00000000000000F8\" end_key:\"7480000000000000FF0C00000000000000F8\" region_epoch:<conf_ver:1 version:12 > peers:<id:1025 store_id:1001 >"] [total=1]
[2024/11/13 19:03:22.891 +00:00] [INFO] [cluster_worker.go:156] ["alloc ids for region split"] [region-id=1026] [peer-ids="[1027]"]
[2024/11/13 19:03:22.893 +00:00] [INFO] [region.go:765] ["region Version changed"] [region-id=1014] [detail="StartKey Changed:{7480000000000000FF0C00000000000000F8} -> {7480000000000000FF0E00000000000000F8}, EndKey:{748000FFFFFFFFFFFFF900000000000000F8}"] [old-version=12] [new-version=13]
[2024/11/13 19:03:22.893 +00:00] [INFO] [cluster_worker.go:248] ["region batch split, generate new regions"] [region-id=1014] [origin="id:1026 start_key:\"7480000000000000FF0C00000000000000F8\" end_key:\"7480000000000000FF0E00000000000000F8\" region_epoch:<conf_ver:1 version:13 > peers:<id:1027 store_id:1001 >"] [total=1]
[2024/11/13 19:03:22.923 +00:00] [INFO] [cluster_worker.go:156] ["alloc ids for region split"] [region-id=1028] [peer-ids="[1029]"]
[2024/11/13 19:03:22.925 +00:00] [INFO] [region.go:765] ["region Version changed"] [region-id=1014] [detail="StartKey Changed:{7480000000000000FF0E00000000000000F8} -> {7480000000000000FF1000000000000000F8}, EndKey:{748000FFFFFFFFFFFFF900000000000000F8}"] [old-version=13] [new-version=14]
[2024/11/13 19:03:22.925 +00:00] [INFO] [cluster_worker.go:248] ["region batch split, generate new regions"] [region-id=1014] [origin="id:1028 start_key:\"7480000000000000FF0E00000000000000F8\" end_key:\"7480000000000000FF1000000000000000F8\" region_epoch:<conf_ver:1 version:14 > peers:<id:1029 store_id:1001 >"] [total=1]
[2024/11/13 19:03:22.952 +00:00] [INFO] [cluster_worker.go:156] ["alloc ids for region split"] [region-id=1030] [peer-ids="[1031]"]
[2024/11/13 19:03:22.953 +00:00] [INFO] [region.go:765] ["region Version changed"] [region-id=1014] [detail="StartKey Changed:{7480000000000000FF1000000000000000F8} -> {7480000000000000FF1200000000000000F8}, EndKey:{748000FFFFFFFFFFFFF900000000000000F8}"] [old-version=14] [new-version=15]
[2024/11/13 19:03:22.953 +00:00] [INFO] [cluster_worker.go:248] ["region batch split, generate new regions"] [region-id=1014] [origin="id:1030 start_key:\"7480000000000000FF1000000000000000F8\" end_key:\"7480000000000000FF1200000000000000F8\" region_epoch:<conf_ver:1 version:15 > peers:<id:1031 store_id:1001 >"] [total=1]
[2024/11/13 19:03:22.986 +00:00] [INFO] [cluster_worker.go:156] ["alloc ids for region split"] [region-id=1032] [peer-ids="[1033]"]
[2024/11/13 19:03:22.988 +00:00] [INFO] [region.go:765] ["region Version changed"] [region-id=1014] [detail="StartKey Changed:{7480000000000000FF1200000000000000F8} -> {7480000000000000FF1400000000000000F8}, EndKey:{748000FFFFFFFFFFFFF900000000000000F8}"] [old-version=15] [new-version=16]
[2024/11/13 19:03:22.988 +00:00] [INFO] [cluster_worker.go:248] ["region batch split, generate new regions"] [region-id=1014] [origin="id:1032 start_key:\"7480000000000000FF1200000000000000F8\" end_key:\"7480000000000000FF1400000000000000F8\" region_epoch:<conf_ver:1 version:16 > peers:<id:1033 store_id:1001 >"] [total=1]
[2024/11/13 19:03:23.019 +00:00] [INFO] [cluster_worker.go:156] ["alloc ids for region split"] [region-id=1034] [peer-ids="[1035]"]
[2024/11/13 19:03:23.020 +00:00] [INFO] [region.go:765] ["region Version changed"] [region-id=1014] [detail="StartKey Changed:{7480000000000000FF1400000000000000F8} -> {7480000000000000FF1600000000000000F8}, EndKey:{748000FFFFFFFFFFFFF900000000000000F8}"] [old-version=16] [new-version=17]
[2024/11/13 19:03:23.020 +00:00] [INFO] [cluster_worker.go:248] ["region batch split, generate new regions"] [region-id=1014] [origin="id:1034 start_key:\"7480000000000000FF1400000000000000F8\" end_key:\"7480000000000000FF1600000000000000F8\" region_epoch:<conf_ver:1 version:17 > peers:<id:1035 store_id:1001 >"] [total=1]
[2024/11/13 19:03:23.053 +00:00] [INFO] [cluster_worker.go:156] ["alloc ids for region split"] [region-id=1036] [peer-ids="[1037]"]
[2024/11/13 19:03:23.055 +00:00] [INFO] [region.go:765] ["region Version changed"] [region-id=1014] [detail="StartKey Changed:{7480000000000000FF1600000000000000F8} -> {7480000000000000FF1800000000000000F8}, EndKey:{748000FFFFFFFFFFFFF900000000000000F8}"] [old-version=17] [new-version=18]
[2024/11/13 19:03:23.055 +00:00] [INFO] [cluster_worker.go:248] ["region batch split, generate new regions"] [region-id=1014] [origin="id:1036 start_key:\"7480000000000000FF1600000000000000F8\" end_key:\"7480000000000000FF1800000000000000F8\" region_epoch:<conf_ver:1 version:18 > peers:<id:1037 store_id:1001 >"] [total=1]
[2024/11/13 19:03:23.094 +00:00] [INFO] [cluster_worker.go:156] ["alloc ids for region split"] [region-id=1038] [peer-ids="[1039]"]
[2024/11/13 19:03:23.096 +00:00] [INFO] [region.go:765] ["region Version changed"] [region-id=1014] [detail="StartKey Changed:{7480000000000000FF1800000000000000F8} -> {7480000000000000FF1A00000000000000F8}, EndKey:{748000FFFFFFFFFFFFF900000000000000F8}"] [old-version=18] [new-version=19]
[2024/11/13 19:03:23.096 +00:00] [INFO] [cluster_worker.go:248] ["region batch split, generate new regions"] [region-id=1014] [origin="id:1038 start_key:\"7480000000000000FF1800000000000000F8\" end_key:\"7480000000000000FF1A00000000000000F8\" region_epoch:<conf_ver:1 version:19 > peers:<id:1039 store_id:1001 >"] [total=1]
[2024/11/13 19:03:23.126 +00:00] [INFO] [cluster_worker.go:156] ["alloc ids for region split"] [region-id=1040] [peer-ids="[1041]"]
[2024/11/13 19:03:23.128 +00:00] [INFO] [region.go:765] ["region Version changed"] [region-id=1014] [detail="StartKey Changed:{7480000000000000FF1A00000000000000F8} -> {7480000000000000FF1C00000000000000F8}, EndKey:{748000FFFFFFFFFFFFF900000000000000F8}"] [old-version=19] [new-version=20]
[2024/11/13 19:03:23.128 +00:00] [INFO] [cluster_worker.go:248] ["region batch split, generate new regions"] [region-id=1014] [origin="id:1040 start_key:\"7480000000000000FF1A00000000000000F8\" end_key:\"7480000000000000FF1C00000000000000F8\" region_epoch:<conf_ver:1 version:20 > peers:<id:1041 store_id:1001 >"] [total=1]
[2024/11/13 19:03:23.164 +00:00] [INFO] [cluster_worker.go:156] ["alloc ids for region split"] [region-id=1042] [peer-ids="[1043]"]
[2024/11/13 19:03:23.166 +00:00] [INFO] [region.go:765] ["region Version changed"] [region-id=1014] [detail="StartKey Changed:{7480000000000000FF1C00000000000000F8} -> {7480000000000000FF1E00000000000000F8}, EndKey:{748000FFFFFFFFFFFFF900000000000000F8}"] [old-version=20] [new-version=21]
[2024/11/13 19:03:23.166 +00:00] [INFO] [cluster_worker.go:248] ["region batch split, generate new regions"] [region-id=1014] [origin="id:1042 start_key:\"7480000000000000FF1C00000000000000F8\" end_key:\"7480000000000000FF1E00000000000000F8\" region_epoch:<conf_ver:1 version:21 > peers:<id:1043 store_id:1001 >"] [total=1]
[2024/11/13 19:03:23.191 +00:00] [INFO] [cluster_worker.go:156] ["alloc ids for region split"] [region-id=1044] [peer-ids="[1045]"]
[2024/11/13 19:03:23.192 +00:00] [INFO] [region.go:765] ["region Version changed"] [region-id=1014] [detail="StartKey Changed:{7480000000000000FF1E00000000000000F8} -> {7480000000000000FF2000000000000000F8}, EndKey:{748000FFFFFFFFFFFFF900000000000000F8}"] [old-version=21] [new-version=22]
[2024/11/13 19:03:23.192 +00:00] [INFO] [cluster_worker.go:248] ["region batch split, generate new regions"] [region-id=1014] [origin="id:1044 start_key:\"7480000000000000FF1E00000000000000F8\" end_key:\"7480000000000000FF2000000000000000F8\" region_epoch:<conf_ver:1 version:22 > peers:<id:1045 store_id:1001 >"] [total=1]
[2024/11/13 19:03:23.217 +00:00] [INFO] [cluster_worker.go:156] ["alloc ids for region split"] [region-id=1046] [peer-ids="[1047]"]
[2024/11/13 19:03:23.218 +00:00] [INFO] [cluster_worker.go:248] ["region batch split, generate new regions"] [region-id=1014] [origin="id:1046 start_key:\"7480000000000000FF2000000000000000F8\" end_key:\"7480000000000000FF2200000000000000F8\" region_epoch:<conf_ver:1 version:23 > peers:<id:1047 store_id:1001 >"] [total=1]
[2024/11/13 19:03:23.218 +00:00] [INFO] [region.go:765] ["region Version changed"] [region-id=1014] [detail="StartKey Changed:{7480000000000000FF2000000000000000F8} -> {7480000000000000FF2200000000000000F8}, EndKey:{748000FFFFFFFFFFFFF900000000000000F8}"] [old-version=22] [new-version=23]
[2024/11/13 19:03:23.243 +00:00] [INFO] [cluster_worker.go:156] ["alloc ids for region split"] [region-id=1048] [peer-ids="[1049]"]
[2024/11/13 19:03:23.244 +00:00] [INFO] [region.go:765] ["region Version changed"] [region-id=1014] [detail="StartKey Changed:{7480000000000000FF2200000000000000F8} -> {7480000000000000FF2400000000000000F8}, EndKey:{748000FFFFFFFFFFFFF900000000000000F8}"] [old-version=23] [new-version=24]
[2024/11/13 19:03:23.245 +00:00] [INFO] [cluster_worker.go:248] ["region batch split, generate new regions"] [region-id=1014] [origin="id:1048 start_key:\"7480000000000000FF2200000000000000F8\" end_key:\"7480000000000000FF2400000000000000F8\" region_epoch:<conf_ver:1 version:24 > peers:<id:1049 store_id:1001 >"] [total=1]
[2024/11/13 19:03:23.269 +00:00] [INFO] [cluster_worker.go:156] ["alloc ids for region split"] [region-id=1050] [peer-ids="[1051]"]
[2024/11/13 19:03:23.270 +00:00] [INFO] [cluster_worker.go:248] ["region batch split, generate new regions"] [region-id=1014] [origin="id:1050 start_key:\"7480000000000000FF2400000000000000F8\" end_key:\"7480000000000000FF2600000000000000F8\" region_epoch:<conf_ver:1 version:25 > peers:<id:1051 store_id:1001 >"] [total=1]
[2024/11/13 19:03:23.271 +00:00] [INFO] [region.go:765] ["region Version changed"] [region-id=1014] [detail="StartKey Changed:{7480000000000000FF2400000000000000F8} -> {7480000000000000FF2600000000000000F8}, EndKey:{748000FFFFFFFFFFFFF900000000000000F8}"] [old-version=24] [new-version=25]
[2024/11/13 19:03:23.297 +00:00] [INFO] [cluster_worker.go:156] ["alloc ids for region split"] [region-id=1052] [peer-ids="[1053]"]
[2024/11/13 19:03:23.299 +00:00] [INFO] [region.go:765] ["region Version changed"] [region-id=1014] [detail="StartKey Changed:{7480000000000000FF2600000000000000F8} -> {7480000000000000FF2800000000000000F8}, EndKey:{748000FFFFFFFFFFFFF900000000000000F8}"] [old-version=25] [new-version=26]
[2024/11/13 19:03:23.299 +00:00] [INFO] [cluster_worker.go:248] ["region batch split, generate new regions"] [region-id=1014] [origin="id:1052 start_key:\"7480000000000000FF2600000000000000F8\" end_key:\"7480000000000000FF2800000000000000F8\" region_epoch:<conf_ver:1 version:26 > peers:<id:1053 store_id:1001 >"] [total=1]
[2024/11/13 19:03:23.324 +00:00] [INFO] [cluster_worker.go:156] ["alloc ids for region split"] [region-id=1054] [peer-ids="[1055]"]
[2024/11/13 19:03:23.325 +00:00] [INFO] [region.go:765] ["region Version changed"] [region-id=1014] [detail="StartKey Changed:{7480000000000000FF2800000000000000F8} -> {7480000000000000FF2A00000000000000F8}, EndKey:{748000FFFFFFFFFFFFF900000000000000F8}"] [old-version=26] [new-version=27]
[2024/11/13 19:03:23.325 +00:00] [INFO] [cluster_worker.go:248] ["region batch split, generate new regions"] [region-id=1014] [origin="id:1054 start_key:\"7480000000000000FF2800000000000000F8\" end_key:\"7480000000000000FF2A00000000000000F8\" region_epoch:<conf_ver:1 version:27 > peers:<id:1055 store_id:1001 >"] [total=1]
[2024/11/13 19:03:23.352 +00:00] [INFO] [cluster_worker.go:156] ["alloc ids for region split"] [region-id=1056] [peer-ids="[1057]"]
[2024/11/13 19:03:23.354 +00:00] [INFO] [region.go:765] ["region Version changed"] [region-id=1014] [detail="StartKey Changed:{7480000000000000FF2A00000000000000F8} -> {7480000000000000FF2C00000000000000F8}, EndKey:{748000FFFFFFFFFFFFF900000000000000F8}"] [old-version=27] [new-version=28]
[2024/11/13 19:03:23.354 +00:00] [INFO] [cluster_worker.go:248] ["region batch split, generate new regions"] [region-id=1014] [origin="id:1056 start_key:\"7480000000000000FF2A00000000000000F8\" end_key:\"7480000000000000FF2C00000000000000F8\" region_epoch:<conf_ver:1 version:28 > peers:<id:1057 store_id:1001 >"] [total=1]
[2024/11/13 19:03:23.388 +00:00] [INFO] [cluster_worker.go:156] ["alloc ids for region split"] [region-id=1058] [peer-ids="[1059]"]
[2024/11/13 19:03:23.390 +00:00] [INFO] [region.go:765] ["region Version changed"] [region-id=1014] [detail="StartKey Changed:{7480000000000000FF2C00000000000000F8} -> {7480000000000000FF2E00000000000000F8}, EndKey:{748000FFFFFFFFFFFFF900000000000000F8}"] [old-version=28] [new-version=29]
[2024/11/13 19:03:23.390 +00:00] [INFO] [cluster_worker.go:248] ["region batch split, generate new regions"] [region-id=1014] [origin="id:1058 start_key:\"7480000000000000FF2C00000000000000F8\" end_key:\"7480000000000000FF2E00000000000000F8\" region_epoch:<conf_ver:1 version:29 > peers:<id:1059 store_id:1001 >"] [total=1]
[2024/11/13 19:03:23.420 +00:00] [INFO] [cluster_worker.go:156] ["alloc ids for region split"] [region-id=1060] [peer-ids="[1061]"]
[2024/11/13 19:03:23.422 +00:00] [INFO] [region.go:765] ["region Version changed"] [region-id=1014] [detail="StartKey Changed:{7480000000000000FF2E00000000000000F8} -> {7480000000000000FF3000000000000000F8}, EndKey:{748000FFFFFFFFFFFFF900000000000000F8}"] [old-version=29] [new-version=30]
[2024/11/13 19:03:23.422 +00:00] [INFO] [cluster_worker.go:248] ["region batch split, generate new regions"] [region-id=1014] [origin="id:1060 start_key:\"7480000000000000FF2E00000000000000F8\" end_key:\"7480000000000000FF3000000000000000F8\" region_epoch:<conf_ver:1 version:30 > peers:<id:1061 store_id:1001 >"] [total=1]
[2024/11/13 19:03:23.457 +00:00] [INFO] [cluster_worker.go:156] ["alloc ids for region split"] [region-id=1062] [peer-ids="[1063]"]
[2024/11/13 19:03:23.459 +00:00] [INFO] [cluster_worker.go:248] ["region batch split, generate new regions"] [region-id=1014] [origin="id:1062 start_key:\"7480000000000000FF3000000000000000F8\" end_key:\"7480000000000000FF3200000000000000F8\" region_epoch:<conf_ver:1 version:31 > peers:<id:1063 store_id:1001 >"] [total=1]
[2024/11/13 19:03:23.459 +00:00] [INFO] [region.go:765] ["region Version changed"] [region-id=1014] [detail="StartKey Changed:{7480000000000000FF3000000000000000F8} -> {7480000000000000FF3200000000000000F8}, EndKey:{748000FFFFFFFFFFFFF900000000000000F8}"] [old-version=30] [new-version=31]
[2024/11/13 19:03:23.491 +00:00] [INFO] [cluster_worker.go:156] ["alloc ids for region split"] [region-id=1064] [peer-ids="[1065]"]
[2024/11/13 19:03:23.492 +00:00] [INFO] [region.go:765] ["region Version changed"] [region-id=1014] [detail="StartKey Changed:{7480000000000000FF3200000000000000F8} -> {7480000000000000FF3400000000000000F8}, EndKey:{748000FFFFFFFFFFFFF900000000000000F8}"] [old-version=31] [new-version=32]
[2024/11/13 19:03:23.492 +00:00] [INFO] [cluster_worker.go:248] ["region batch split, generate new regions"] [region-id=1014] [origin="id:1064 start_key:\"7480000000000000FF3200000000000000F8\" end_key:\"7480000000000000FF3400000000000000F8\" region_epoch:<conf_ver:1 version:32 > peers:<id:1065 store_id:1001 >"] [total=1]
[2024/11/13 19:03:23.521 +00:00] [INFO] [cluster_worker.go:156] ["alloc ids for region split"] [region-id=1066] [peer-ids="[1067]"]
[2024/11/13 19:03:23.523 +00:00] [INFO] [cluster_worker.go:248] ["region batch split, generate new regions"] [region-id=1014] [origin="id:1066 start_key:\"7480000000000000FF3400000000000000F8\" end_key:\"7480000000000000FF3600000000000000F8\" region_epoch:<conf_ver:1 version:33 > peers:<id:1067 store_id:1001 >"] [total=1]
[2024/11/13 19:03:23.523 +00:00] [INFO] [region.go:765] ["region Version changed"] [region-id=1014] [detail="StartKey Changed:{7480000000000000FF3400000000000000F8} -> {7480000000000000FF3600000000000000F8}, EndKey:{748000FFFFFFFFFFFFF900000000000000F8}"] [old-version=32] [new-version=33]
[2024/11/13 19:03:23.554 +00:00] [INFO] [cluster_worker.go:156] ["alloc ids for region split"] [region-id=1068] [peer-ids="[1069]"]
[2024/11/13 19:03:23.556 +00:00] [INFO] [region.go:765] ["region Version changed"] [region-id=1014] [detail="StartKey Changed:{7480000000000000FF3600000000000000F8} -> {7480000000000000FF3800000000000000F8}, EndKey:{748000FFFFFFFFFFFFF900000000000000F8}"] [old-version=33] [new-version=34]
[2024/11/13 19:03:23.556 +00:00] [INFO] [cluster_worker.go:248] ["region batch split, generate new regions"] [region-id=1014] [origin="id:1068 start_key:\"7480000000000000FF3600000000000000F8\" end_key:\"7480000000000000FF3800000000000000F8\" region_epoch:<conf_ver:1 version:34 > peers:<id:1069 store_id:1001 >"] [total=1]
[2024/11/13 19:03:23.599 +00:00] [INFO] [cluster_worker.go:156] ["alloc ids for region split"] [region-id=1070] [peer-ids="[1071]"]
[2024/11/13 19:03:23.601 +00:00] [INFO] [region.go:765] ["region Version changed"] [region-id=1014] [detail="StartKey Changed:{7480000000000000FF3800000000000000F8} -> {7480000000000000FF3A00000000000000F8}, EndKey:{748000FFFFFFFFFFFFF900000000000000F8}"] [old-version=34] [new-version=35]
[2024/11/13 19:03:23.601 +00:00] [INFO] [cluster_worker.go:248] ["region batch split, generate new regions"] [region-id=1014] [origin="id:1070 start_key:\"7480000000000000FF3800000000000000F8\" end_key:\"7480000000000000FF3A00000000000000F8\" region_epoch:<conf_ver:1 version:35 > peers:<id:1071 store_id:1001 >"] [total=1]
[2024/11/13 19:03:23.634 +00:00] [INFO] [cluster_worker.go:156] ["alloc ids for region split"] [region-id=1072] [peer-ids="[1073]"]
[2024/11/13 19:03:23.636 +00:00] [INFO] [region.go:765] ["region Version changed"] [region-id=1014] [detail="StartKey Changed:{7480000000000000FF3A00000000000000F8} -> {7480000000000000FF3C00000000000000F8}, EndKey:{748000FFFFFFFFFFFFF900000000000000F8}"] [old-version=35] [new-version=36]
[2024/11/13 19:03:23.636 +00:00] [INFO] [cluster_worker.go:248] ["region batch split, generate new regions"] [region-id=1014] [origin="id:1072 start_key:\"7480000000000000FF3A00000000000000F8\" end_key:\"7480000000000000FF3C00000000000000F8\" region_epoch:<conf_ver:1 version:36 > peers:<id:1073 store_id:1001 >"] [total=1]
[2024/11/13 19:03:23.674 +00:00] [INFO] [cluster_worker.go:156] ["alloc ids for region split"] [region-id=1074] [peer-ids="[1075]"]
[2024/11/13 19:03:23.675 +00:00] [INFO] [region.go:765] ["region Version changed"] [region-id=1014] [detail="StartKey Changed:{7480000000000000FF3C00000000000000F8} -> {7480000000000000FF3E00000000000000F8}, EndKey:{748000FFFFFFFFFFFFF900000000000000F8}"] [old-version=36] [new-version=37]
[2024/11/13 19:03:23.675 +00:00] [INFO] [cluster_worker.go:248] ["region batch split, generate new regions"] [region-id=1014] [origin="id:1074 start_key:\"7480000000000000FF3C00000000000000F8\" end_key:\"7480000000000000FF3E00000000000000F8\" region_epoch:<conf_ver:1 version:37 > peers:<id:1075 store_id:1001 >"] [total=1]
[2024/11/13 19:03:23.707 +00:00] [INFO] [cluster_worker.go:156] ["alloc ids for region split"] [region-id=1076] [peer-ids="[1077]"]
[2024/11/13 19:03:23.709 +00:00] [INFO] [region.go:765] ["region Version changed"] [region-id=1014] [detail="StartKey Changed:{7480000000000000FF3E00000000000000F8} -> {7480000000000000FF4000000000000000F8}, EndKey:{748000FFFFFFFFFFFFF900000000000000F8}"] [old-version=37] [new-version=38]
[2024/11/13 19:03:23.709 +00:00] [INFO] [cluster_worker.go:248] ["region batch split, generate new regions"] [region-id=1014] [origin="id:1076 start_key:\"7480000000000000FF3E00000000000000F8\" end_key:\"7480000000000000FF4000000000000000F8\" region_epoch:<conf_ver:1 version:38 > peers:<id:1077 store_id:1001 >"] [total=1]
[2024/11/13 19:03:23.742 +00:00] [INFO] [cluster_worker.go:156] ["alloc ids for region split"] [region-id=1078] [peer-ids="[1079]"]
[2024/11/13 19:03:23.743 +00:00] [INFO] [region.go:765] ["region Version changed"] [region-id=1014] [detail="StartKey Changed:{7480000000000000FF4000000000000000F8} -> {7480000000000000FF4200000000000000F8}, EndKey:{748000FFFFFFFFFFFFF900000000000000F8}"] [old-version=38] [new-version=39]
[2024/11/13 19:03:23.743 +00:00] [INFO] [cluster_worker.go:248] ["region batch split, generate new regions"] [region-id=1014] [origin="id:1078 start_key:\"7480000000000000FF4000000000000000F8\" end_key:\"7480000000000000FF4200000000000000F8\" region_epoch:<conf_ver:1 version:39 > peers:<id:1079 store_id:1001 >"] [total=1]
[2024/11/13 19:03:23.773 +00:00] [INFO] [cluster_worker.go:156] ["alloc ids for region split"] [region-id=1080] [peer-ids="[1081]"]
[2024/11/13 19:03:23.774 +00:00] [INFO] [region.go:765] ["region Version changed"] [region-id=1014] [detail="StartKey Changed:{7480000000000000FF4200000000000000F8} -> {7480000000000000FF4400000000000000F8}, EndKey:{748000FFFFFFFFFFFFF900000000000000F8}"] [old-version=39] [new-version=40]
[2024/11/13 19:03:23.774 +00:00] [INFO] [cluster_worker.go:248] ["region batch split, generate new regions"] [region-id=1014] [origin="id:1080 start_key:\"7480000000000000FF4200000000000000F8\" end_key:\"7480000000000000FF4400000000000000F8\" region_epoch:<conf_ver:1 version:40 > peers:<id:1081 store_id:1001 >"] [total=1]
[2024/11/13 19:03:23.799 +00:00] [INFO] [cluster_worker.go:156] ["alloc ids for region split"] [region-id=1082] [peer-ids="[1083]"]
[2024/11/13 19:03:23.802 +00:00] [INFO] [region.go:765] ["region Version changed"] [region-id=1014] [detail="StartKey Changed:{7480000000000000FF4400000000000000F8} -> {7480000000000000FF4600000000000000F8}, EndKey:{748000FFFFFFFFFFFFF900000000000000F8}"] [old-version=40] [new-version=41]
[2024/11/13 19:03:23.802 +00:00] [INFO] [cluster_worker.go:248] ["region batch split, generate new regions"] [region-id=1014] [origin="id:1082 start_key:\"7480000000000000FF4400000000000000F8\" end_key:\"7480000000000000FF4600000000000000F8\" region_epoch:<conf_ver:1 version:41 > peers:<id:1083 store_id:1001 >"] [total=1]
[2024/11/13 19:03:23.829 +00:00] [INFO] [cluster_worker.go:156] ["alloc ids for region split"] [region-id=1084] [peer-ids="[1085]"]
[2024/11/13 19:03:23.831 +00:00] [INFO] [cluster_worker.go:248] ["region batch split, generate new regions"] [region-id=1014] [origin="id:1084 start_key:\"7480000000000000FF4600000000000000F8\" end_key:\"7480000000000000FF4800000000000000F8\" region_epoch:<conf_ver:1 version:42 > peers:<id:1085 store_id:1001 >"] [total=1]
[2024/11/13 19:03:23.831 +00:00] [INFO] [region.go:765] ["region Version changed"] [region-id=1014] [detail="StartKey Changed:{7480000000000000FF4600000000000000F8} -> {7480000000000000FF4800000000000000F8}, EndKey:{748000FFFFFFFFFFFFF900000000000000F8}"] [old-version=41] [new-version=42]
[2024/11/13 19:03:23.860 +00:00] [INFO] [cluster_worker.go:156] ["alloc ids for region split"] [region-id=1086] [peer-ids="[1087]"]
[2024/11/13 19:03:23.861 +00:00] [INFO] [region.go:765] ["region Version changed"] [region-id=1014] [detail="StartKey Changed:{7480000000000000FF4800000000000000F8} -> {7480000000000000FF4A00000000000000F8}, EndKey:{748000FFFFFFFFFFFFF900000000000000F8}"] [old-version=42] [new-version=43]
[2024/11/13 19:03:23.861 +00:00] [INFO] [cluster_worker.go:248] ["region batch split, generate new regions"] [region-id=1014] [origin="id:1086 start_key:\"7480000000000000FF4800000000000000F8\" end_key:\"7480000000000000FF4A00000000000000F8\" region_epoch:<conf_ver:1 version:43 > peers:<id:1087 store_id:1001 >"] [total=1]
[2024/11/13 19:03:23.892 +00:00] [INFO] [cluster_worker.go:156] ["alloc ids for region split"] [region-id=1088] [peer-ids="[1089]"]
[2024/11/13 19:03:23.894 +00:00] [INFO] [region.go:765] ["region Version changed"] [region-id=1014] [detail="StartKey Changed:{7480000000000000FF4A00000000000000F8} -> {7480000000000000FF4C00000000000000F8}, EndKey:{748000FFFFFFFFFFFFF900000000000000F8}"] [old-version=43] [new-version=44]
[2024/11/13 19:03:23.894 +00:00] [INFO] [cluster_worker.go:248] ["region batch split, generate new regions"] [region-id=1014] [origin="id:1088 start_key:\"7480000000000000FF4A00000000000000F8\" end_key:\"7480000000000000FF4C00000000000000F8\" region_epoch:<conf_ver:1 version:44 > peers:<id:1089 store_id:1001 >"] [total=1]
[2024/11/13 19:03:23.915 +00:00] [INFO] [prepare_checker.go:71] ["not loaded from storage region number is satisfied, finish prepare checker"] [not-from-storage-region=44] [total-region=44]
[2024/11/13 19:03:23.915 +00:00] [INFO] [coordinator.go:226] ["coordinator has finished cluster information preparation"]
[2024/11/13 19:03:23.915 +00:00] [INFO] [coordinator.go:236] ["coordinator starts to run schedulers"]
[2024/11/13 19:03:23.916 +00:00] [INFO] [coordinator.go:333] ["create scheduler"] [scheduler-name=balance-region-scheduler] [scheduler-args="[]"]
[2024/11/13 19:03:23.918 +00:00] [INFO] [coordinator.go:333] ["create scheduler"] [scheduler-name=balance-leader-scheduler] [scheduler-args="[]"]
[2024/11/13 19:03:23.919 +00:00] [INFO] [coordinator.go:333] ["create scheduler"] [scheduler-name=balance-hot-region-scheduler] [scheduler-args="[]"]
[2024/11/13 19:03:23.920 +00:00] [INFO] [coordinator.go:333] ["create scheduler"] [scheduler-name=evict-slow-store-scheduler] [scheduler-args="[]"]
[2024/11/13 19:03:23.921 +00:00] [INFO] [coordinator.go:361] ["scheduler config is updated"] [scheduler-config="[{\"type\":\"balance-region\",\"args\":null,\"disable\":false,\"args-payload\":\"\"},{\"type\":\"balance-leader\",\"args\":null,\"disable\":false,\"args-payload\":\"\"},{\"type\":\"hot-region\",\"args\":null,\"disable\":false,\"args-payload\":\"\"},{\"type\":\"evict-slow-store\",\"args\":null,\"disable\":false,\"args-payload\":\"\"}]"]
[2024/11/13 19:03:23.922 +00:00] [INFO] [coordinator.go:127] ["coordinator starts patrol regions"]
[2024/11/13 19:03:23.922 +00:00] [INFO] [coordinator.go:138] ["coordinator begins to check suspect key ranges"]
[2024/11/13 19:03:23.922 +00:00] [INFO] [coordinator.go:156] ["coordinator begins to actively drive push operator"]
[2024/11/13 19:03:23.922 +00:00] [INFO] [cluster_worker.go:156] ["alloc ids for region split"] [region-id=1090] [peer-ids="[1091]"]
[2024/11/13 19:03:23.923 +00:00] [INFO] [region.go:765] ["region Version changed"] [region-id=1014] [detail="StartKey Changed:{7480000000000000FF4C00000000000000F8} -> {7480000000000000FF4E00000000000000F8}, EndKey:{748000FFFFFFFFFFFFF900000000000000F8}"] [old-version=44] [new-version=45]
[2024/11/13 19:03:23.923 +00:00] [INFO] [cluster_worker.go:248] ["region batch split, generate new regions"] [region-id=1014] [origin="id:1090 start_key:\"7480000000000000FF4C00000000000000F8\" end_key:\"7480000000000000FF4E00000000000000F8\" region_epoch:<conf_ver:1 version:45 > peers:<id:1091 store_id:1001 >"] [total=1]
[2024/11/13 19:03:23.933 +00:00] [INFO] [operator_controller.go:510] ["add operator"] [region-id=1016] [operator="\"labeler-split-region {split: region 1016 use policy USEKEY and keys [7200000000000000FB 7200000100000000FB]} (kind:split, region:1016(8, 1), createAt:2024-11-13 19:03:23.933644841 +0000 UTC m=+36.810295601, startAt:0001-01-01 00:00:00 +0000 UTC, currentStep:0, size:1, steps:[0:{split region with policy USEKEY}], timeout:[1m0s])\""] [additional-info="{\"region-end-key\":\"7480000000000000FF0400000000000000F8\",\"region-start-key\":\"\"}"]
[2024/11/13 19:03:23.934 +00:00] [INFO] [operator_controller.go:786] ["send schedule command"] [region-id=1016] [step="split region with policy USEKEY"] [source=create]
[2024/11/13 19:03:23.934 +00:00] [INFO] [operator_controller.go:510] ["add operator"] [region-id=1002] [operator="\"labeler-split-region {split: region 1002 use policy USEKEY and keys [7800000000000000FB 7800000100000000FB]} (kind:split, region:1002(2, 1), createAt:2024-11-13 19:03:23.934664466 +0000 UTC m=+36.811315226, startAt:0001-01-01 00:00:00 +0000 UTC, currentStep:0, size:0, steps:[0:{split region with policy USEKEY}], timeout:[1m0s])\""] [additional-info="{\"region-end-key\":\"\",\"region-start-key\":\"748000FFFFFFFFFFFFFE00000000000000F8\"}"]
[2024/11/13 19:03:23.934 +00:00] [INFO] [operator_controller.go:786] ["send schedule command"] [region-id=1002] [step="split region with policy USEKEY"] [source=create]
[2024/11/13 19:03:23.936 +00:00] [INFO] [cluster_worker.go:156] ["alloc ids for region split"] [region-id=1092] [peer-ids="[1093]"]
[2024/11/13 19:03:23.936 +00:00] [INFO] [cluster_worker.go:156] ["alloc ids for region split"] [region-id=1096] [peer-ids="[1097]"]
[2024/11/13 19:03:23.936 +00:00] [INFO] [cluster_worker.go:156] ["alloc ids for region split"] [region-id=1094] [peer-ids="[1095]"]
[2024/11/13 19:03:23.936 +00:00] [INFO] [cluster_worker.go:156] ["alloc ids for region split"] [region-id=1098] [peer-ids="[1099]"]
[2024/11/13 19:03:23.938 +00:00] [INFO] [region.go:765] ["region Version changed"] [region-id=1016] [detail="StartKey Changed:{} -> {7200000100000000FB}, EndKey:{7480000000000000FF0400000000000000F8}"] [old-version=8] [new-version=10]
[2024/11/13 19:03:23.938 +00:00] [INFO] [operator_controller.go:694] ["operator finish"] [region-id=1016] [takes=4.046792ms] [operator="\"labeler-split-region {split: region 1016 use policy USEKEY and keys [7200000000000000FB 7200000100000000FB]} (kind:split, region:1016(8, 1), createAt:2024-11-13 19:03:23.933644841 +0000 UTC m=+36.810295601, startAt:2024-11-13 19:03:23.934454008 +0000 UTC m=+36.811104767, currentStep:1, size:1, steps:[0:{split region with policy USEKEY}], timeout:[1m0s]) finished\""] [additional-info="{\"cancel-reason\":\"\",\"region-end-key\":\"7480000000000000FF0400000000000000F8\",\"region-start-key\":\"\"}"]
[2024/11/13 19:03:23.938 +00:00] [INFO] [cluster_worker.go:248] ["region batch split, generate new regions"] [region-id=1016] [origin="id:1094 end_key:\"7200000000000000FB\" region_epoch:<conf_ver:1 version:10 > peers:<id:1095 store_id:1001 > id:1098 start_key:\"7200000000000000FB\" end_key:\"7200000100000000FB\" region_epoch:<conf_ver:1 version:10 > peers:<id:1099 store_id:1001 >"] [total=2]
[2024/11/13 19:03:23.939 +00:00] [INFO] [region.go:765] ["region Version changed"] [region-id=1002] [detail="StartKey Changed:{748000FFFFFFFFFFFFFE00000000000000F8} -> {7800000100000000FB}, EndKey:{}"] [old-version=2] [new-version=4]
[2024/11/13 19:03:23.939 +00:00] [INFO] [cluster_worker.go:248] ["region batch split, generate new regions"] [region-id=1002] [origin="id:1092 start_key:\"748000FFFFFFFFFFFFFE00000000000000F8\" end_key:\"7800000000000000FB\" region_epoch:<conf_ver:1 version:4 > peers:<id:1093 store_id:1001 > id:1096 start_key:\"7800000000000000FB\" end_key:\"7800000100000000FB\" region_epoch:<conf_ver:1 version:4 > peers:<id:1097 store_id:1001 >"] [total=2]
[2024/11/13 19:03:23.939 +00:00] [INFO] [operator_controller.go:694] ["operator finish"] [region-id=1002] [takes=4.484084ms] [operator="\"labeler-split-region {split: region 1002 use policy USEKEY and keys [7800000000000000FB 7800000100000000FB]} (kind:split, region:1002(2, 1), createAt:2024-11-13 19:03:23.934664466 +0000 UTC m=+36.811315226, startAt:2024-11-13 19:03:23.934765841 +0000 UTC m=+36.811416642, currentStep:1, size:0, steps:[0:{split region with policy USEKEY}], timeout:[1m0s]) finished\""] [additional-info="{\"cancel-reason\":\"\",\"region-end-key\":\"\",\"region-start-key\":\"748000FFFFFFFFFFFFFE00000000000000F8\"}"]
[2024/11/13 19:03:23.968 +00:00] [INFO] [cluster_worker.go:156] ["alloc ids for region split"] [region-id=1100] [peer-ids="[1101]"]
[2024/11/13 19:03:23.969 +00:00] [INFO] [region.go:765] ["region Version changed"] [region-id=1014] [detail="StartKey Changed:{7480000000000000FF4E00000000000000F8} -> {7480000000000000FF5000000000000000F8}, EndKey:{748000FFFFFFFFFFFFF900000000000000F8}"] [old-version=45] [new-version=46]
[2024/11/13 19:03:23.969 +00:00] [INFO] [cluster_worker.go:248] ["region batch split, generate new regions"] [region-id=1014] [origin="id:1100 start_key:\"7480000000000000FF4E00000000000000F8\" end_key:\"7480000000000000FF5000000000000000F8\" region_epoch:<conf_ver:1 version:46 > peers:<id:1101 store_id:1001 >"] [total=1]
[2024/11/13 19:03:24.011 +00:00] [INFO] [cluster_worker.go:156] ["alloc ids for region split"] [region-id=1102] [peer-ids="[1103]"]
[2024/11/13 19:03:24.012 +00:00] [INFO] [cluster_worker.go:248] ["region batch split, generate new regions"] [region-id=1014] [origin="id:1102 start_key:\"7480000000000000FF5000000000000000F8\" end_key:\"7480000000000000FF5200000000000000F8\" region_epoch:<conf_ver:1 version:47 > peers:<id:1103 store_id:1001 >"] [total=1]
[2024/11/13 19:03:24.013 +00:00] [INFO] [region.go:765] ["region Version changed"] [region-id=1014] [detail="StartKey Changed:{7480000000000000FF5000000000000000F8} -> {7480000000000000FF5200000000000000F8}, EndKey:{748000FFFFFFFFFFFFF900000000000000F8}"] [old-version=46] [new-version=47]
[2024/11/13 19:03:24.055 +00:00] [INFO] [cluster_worker.go:156] ["alloc ids for region split"] [region-id=1104] [peer-ids="[1105]"]
[2024/11/13 19:03:24.057 +00:00] [INFO] [cluster_worker.go:248] ["region batch split, generate new regions"] [region-id=1014] [origin="id:1104 start_key:\"7480000000000000FF5200000000000000F8\" end_key:\"7480000000000000FF5400000000000000F8\" region_epoch:<conf_ver:1 version:48 > peers:<id:1105 store_id:1001 >"] [total=1]
[2024/11/13 19:03:24.057 +00:00] [INFO] [region.go:765] ["region Version changed"] [region-id=1014] [detail="StartKey Changed:{7480000000000000FF5200000000000000F8} -> {7480000000000000FF5400000000000000F8}, EndKey:{748000FFFFFFFFFFFFF900000000000000F8}"] [old-version=47] [new-version=48]
[2024/11/13 19:03:24.094 +00:00] [INFO] [cluster_worker.go:156] ["alloc ids for region split"] [region-id=1106] [peer-ids="[1107]"]
[2024/11/13 19:03:24.095 +00:00] [INFO] [cluster_worker.go:248] ["region batch split, generate new regions"] [region-id=1014] [origin="id:1106 start_key:\"7480000000000000FF5400000000000000F8\" end_key:\"7480000000000000FF5600000000000000F8\" region_epoch:<conf_ver:1 version:49 > peers:<id:1107 store_id:1001 >"] [total=1]
[2024/11/13 19:03:24.096 +00:00] [INFO] [region.go:765] ["region Version changed"] [region-id=1014] [detail="StartKey Changed:{7480000000000000FF5400000000000000F8} -> {7480000000000000FF5600000000000000F8}, EndKey:{748000FFFFFFFFFFFFF900000000000000F8}"] [old-version=48] [new-version=49]
[2024/11/13 19:03:24.130 +00:00] [INFO] [cluster_worker.go:156] ["alloc ids for region split"] [region-id=1108] [peer-ids="[1109]"]
[2024/11/13 19:03:24.137 +00:00] [INFO] [region.go:765] ["region Version changed"] [region-id=1014] [detail="StartKey Changed:{7480000000000000FF5600000000000000F8} -> {7480000000000000FF5800000000000000F8}, EndKey:{748000FFFFFFFFFFFFF900000000000000F8}"] [old-version=49] [new-version=50]
[2024/11/13 19:03:24.137 +00:00] [INFO] [cluster_worker.go:248] ["region batch split, generate new regions"] [region-id=1014] [origin="id:1108 start_key:\"7480000000000000FF5600000000000000F8\" end_key:\"7480000000000000FF5800000000000000F8\" region_epoch:<conf_ver:1 version:50 > peers:<id:1109 store_id:1001 >"] [total=1]
[2024/11/13 19:03:24.170 +00:00] [INFO] [cluster_worker.go:156] ["alloc ids for region split"] [region-id=1110] [peer-ids="[1111]"]
[2024/11/13 19:03:24.171 +00:00] [INFO] [region.go:765] ["region Version changed"] [region-id=1014] [detail="StartKey Changed:{7480000000000000FF5800000000000000F8} -> {7480000000000000FF5A00000000000000F8}, EndKey:{748000FFFFFFFFFFFFF900000000000000F8}"] [old-version=50] [new-version=51]
[2024/11/13 19:03:24.171 +00:00] [INFO] [cluster_worker.go:248] ["region batch split, generate new regions"] [region-id=1014] [origin="id:1110 start_key:\"7480000000000000FF5800000000000000F8\" end_key:\"7480000000000000FF5A00000000000000F8\" region_epoch:<conf_ver:1 version:51 > peers:<id:1111 store_id:1001 >"] [total=1]
[2024/11/13 19:03:24.217 +00:00] [INFO] [cluster_worker.go:156] ["alloc ids for region split"] [region-id=1112] [peer-ids="[1113]"]
[2024/11/13 19:03:24.219 +00:00] [INFO] [cluster_worker.go:248] ["region batch split, generate new regions"] [region-id=1014] [origin="id:1112 start_key:\"7480000000000000FF5A00000000000000F8\" end_key:\"7480000000000000FF5C00000000000000F8\" region_epoch:<conf_ver:1 version:52 > peers:<id:1113 store_id:1001 >"] [total=1]
[2024/11/13 19:03:24.219 +00:00] [INFO] [region.go:765] ["region Version changed"] [region-id=1014] [detail="StartKey Changed:{7480000000000000FF5A00000000000000F8} -> {7480000000000000FF5C00000000000000F8}, EndKey:{748000FFFFFFFFFFFFF900000000000000F8}"] [old-version=51] [new-version=52]
[2024/11/13 19:03:24.268 +00:00] [INFO] [cluster_worker.go:156] ["alloc ids for region split"] [region-id=1114] [peer-ids="[1115]"]
[2024/11/13 19:03:24.270 +00:00] [INFO] [region.go:765] ["region Version changed"] [region-id=1014] [detail="StartKey Changed:{7480000000000000FF5C00000000000000F8} -> {7480000000000000FF5E00000000000000F8}, EndKey:{748000FFFFFFFFFFFFF900000000000000F8}"] [old-version=52] [new-version=53]
[2024/11/13 19:03:24.270 +00:00] [INFO] [cluster_worker.go:248] ["region batch split, generate new regions"] [region-id=1014] [origin="id:1114 start_key:\"7480000000000000FF5C00000000000000F8\" end_key:\"7480000000000000FF5E00000000000000F8\" region_epoch:<conf_ver:1 version:53 > peers:<id:1115 store_id:1001 >"] [total=1]
[2024/11/13 19:03:24.301 +00:00] [INFO] [cluster_worker.go:156] ["alloc ids for region split"] [region-id=1116] [peer-ids="[1117]"]
[2024/11/13 19:03:24.302 +00:00] [INFO] [region.go:765] ["region Version changed"] [region-id=1014] [detail="StartKey Changed:{7480000000000000FF5E00000000000000F8} -> {7480000000000000FF6000000000000000F8}, EndKey:{748000FFFFFFFFFFFFF900000000000000F8}"] [old-version=53] [new-version=54]
[2024/11/13 19:03:24.302 +00:00] [INFO] [cluster_worker.go:248] ["region batch split, generate new regions"] [region-id=1014] [origin="id:1116 start_key:\"7480000000000000FF5E00000000000000F8\" end_key:\"7480000000000000FF6000000000000000F8\" region_epoch:<conf_ver:1 version:54 > peers:<id:1117 store_id:1001 >"] [total=1]
[2024/11/13 19:03:24.357 +00:00] [INFO] [cluster_worker.go:156] ["alloc ids for region split"] [region-id=1118] [peer-ids="[1119]"]
[2024/11/13 19:03:24.358 +00:00] [INFO] [cluster_worker.go:248] ["region batch split, generate new regions"] [region-id=1014] [origin="id:1118 start_key:\"7480000000000000FF6000000000000000F8\" end_key:\"7480000000000000FF6200000000000000F8\" region_epoch:<conf_ver:1 version:55 > peers:<id:1119 store_id:1001 >"] [total=1]
[2024/11/13 19:03:24.358 +00:00] [INFO] [region.go:765] ["region Version changed"] [region-id=1014] [detail="StartKey Changed:{7480000000000000FF6000000000000000F8} -> {7480000000000000FF6200000000000000F8}, EndKey:{748000FFFFFFFFFFFFF900000000000000F8}"] [old-version=54] [new-version=55]
[2024/11/13 19:03:24.384 +00:00] [INFO] [cluster_worker.go:156] ["alloc ids for region split"] [region-id=1120] [peer-ids="[1121]"]
[2024/11/13 19:03:24.385 +00:00] [INFO] [region.go:765] ["region Version changed"] [region-id=1014] [detail="StartKey Changed:{7480000000000000FF6200000000000000F8} -> {7480000000000000FF6400000000000000F8}, EndKey:{748000FFFFFFFFFFFFF900000000000000F8}"] [old-version=55] [new-version=56]
[2024/11/13 19:03:24.385 +00:00] [INFO] [cluster_worker.go:248] ["region batch split, generate new regions"] [region-id=1014] [origin="id:1120 start_key:\"7480000000000000FF6200000000000000F8\" end_key:\"7480000000000000FF6400000000000000F8\" region_epoch:<conf_ver:1 version:56 > peers:<id:1121 store_id:1001 >"] [total=1]
[2024/11/13 19:03:24.454 +00:00] [INFO] [cluster_worker.go:156] ["alloc ids for region split"] [region-id=1122] [peer-ids="[1123]"]
[2024/11/13 19:03:24.455 +00:00] [INFO] [cluster_worker.go:248] ["region batch split, generate new regions"] [region-id=1014] [origin="id:1122 start_key:\"7480000000000000FF6400000000000000F8\" end_key:\"7480000000000000FF6800000000000000F8\" region_epoch:<conf_ver:1 version:57 > peers:<id:1123 store_id:1001 >"] [total=1]
[2024/11/13 19:03:24.455 +00:00] [INFO] [region.go:765] ["region Version changed"] [region-id=1014] [detail="StartKey Changed:{7480000000000000FF6400000000000000F8} -> {7480000000000000FF6800000000000000F8}, EndKey:{748000FFFFFFFFFFFFF900000000000000F8}"] [old-version=56] [new-version=57]
[2024/11/13 19:03:24.542 +00:00] [INFO] [grpc_service.go:99] ["watch request"] [key=resource_group/controller] [range-end=resource_group/controlles] [start-revision=277]
[2024/11/13 19:03:24.543 +00:00] [INFO] [grpc_service.go:99] ["watch request"] [key=resource_group/settings] [range-end=resource_group/settingt] [start-revision=277]
[2024/11/13 19:03:24.642 +00:00] [INFO] [grpc_service.go:2264] ["update service GC safe point"] [service-id=gc_worker] [expire-at=-9223372035123251205] [safepoint=453908628665794560]
[2024/11/13 19:03:24.920 +00:00] [INFO] [hot_region_config.go:487] ["query supported changed"] [last-query-support=false] [cluster-version=8.4.0-alpha] [config="{\"min-hot-byte-rate\":100,\"min-hot-key-rate\":10,\"min-hot-query-rate\":10,\"max-zombie-rounds\":3,\"max-peer-number\":1000,\"byte-rate-rank-step-ratio\":0.05,\"key-rate-rank-step-ratio\":0.05,\"query-rate-rank-step-ratio\":0.05,\"count-rank-step-ratio\":0.01,\"great-dec-ratio\":0.95,\"minor-dec-ratio\":0.99,\"src-tolerance-ratio\":1.05,\"dst-tolerance-ratio\":1.05,\"write-leader-priorities\":[\"query\",\"byte\"],\"write-peer-priorities\":[\"byte\",\"key\"],\"read-priorities\":[\"query\",\"byte\"],\"strict-picking-store\":\"true\",\"enable-for-tiflash\":\"true\",\"rank-formula-version\":\"v2\",\"forbid-rw-type\":\"none\",\"split-thresholds\":0.2,\"history-sample-duration\":\"5m0s\",\"history-sample-interval\":\"30s\"}"] [valid-config="{\"min-hot-byte-rate\":100,\"min-hot-key-rate\":10,\"min-hot-query-rate\":10,\"max-zombie-rounds\":3,\"max-peer-number\":1000,\"byte-rate-rank-step-ratio\":0.05,\"key-rate-rank-step-ratio\":0.05,\"query-rate-rank-step-ratio\":0.05,\"count-rank-step-ratio\":0.01,\"great-dec-ratio\":0.95,\"minor-dec-ratio\":0.99,\"src-tolerance-ratio\":1.05,\"dst-tolerance-ratio\":1.05,\"write-leader-priorities\":[\"key\",\"byte\"],\"write-peer-priorities\":[\"byte\",\"key\"],\"read-priorities\":[\"byte\",\"key\"],\"strict-picking-store\":\"true\",\"enable-for-tiflash\":\"true\",\"rank-formula-version\":\"v2\",\"split-thresholds\":0.2,\"history-sample-duration\":\"5m0s\",\"history-sample-interval\":\"30s\"}"]
[2024/11/13 19:03:26.582 +00:00] [INFO] [audit.go:126] ["audit log"] [service-info="{ServiceLabel:SetGroupConfig, Method:HTTP/1.1/POST:/pd/api/v1/config/rule_group, CallerID:tidb-info-syncer, IP:172.20.0.7, Port:34962, StartTime:2024-11-13 19:03:26 +0000 UTC, URLParam:{}, BodyParam:{\"id\":\"tiflash\",\"index\":120}}"]
[2024/11/13 19:03:26.584 +00:00] [INFO] [rule_manager.go:639] ["group config updated"] [group="{\"id\":\"tiflash\",\"index\":120}"]
[2024/11/13 19:03:30.916 +00:00] [INFO] [cluster.go:1551] ["store has changed to serving"] [store-id=1001] [store-address=tikv:20160]
[2024/11/13 19:03:35.928 +00:00] [WARN] [tso.go:335] ["clock offset"] [] [jet-lag=161.37532ms] [prev-physical=2024/11/13 19:03:35.767 +00:00] [now=2024/11/13 19:03:35.928 +00:00] [update-physical-interval=50ms]
[2024/11/13 19:03:37.293 +00:00] [INFO] [cluster.go:2106] ["store limit added"] [store-id=1124]
[2024/11/13 19:03:37.294 +00:00] [INFO] [grpc_service.go:839] ["put store ok"] [store="id:1124 address:\"tiflash:4030\" labels:<key:\"engine\" value:\"tiflash\" > version:\"v8.4.0-alpha-36-g9e3ba660e\" peer_address:\"tiflash:20280\" status_address:\"127.0.0.1:20292\" git_hash:\"9e3ba660eee20253548d26fdf5bb9f2fa5731e4e\" start_timestamp:1731524617 deploy_path:\"/tiflash\" "]
[2024/11/13 19:03:37.294 +00:00] [INFO] [util.go:49] ["load pd and cluster version"] [pd-version=8.4.0-alpha-38-g71f6f96] [cluster-version=8.4.0-alpha]
[2024/11/13 19:03:41.027 +00:00] [INFO] [cluster.go:1551] ["store has changed to serving"] [store-id=1124] [store-address=tiflash:4030]
[2024/11/13 19:04:10.364 +00:00] [INFO] [scheduling_controller.go:139] ["statistics background jobs has been stopped"]
[2024/11/13 19:04:10.365 +00:00] [INFO] [manager.go:85] ["Key visual service is stopped"]
[2024/11/13 19:04:10.364 +00:00] [INFO] [cluster.go:725] ["update store stats background jobs has been stopped"]
[2024/11/13 19:04:10.364 +00:00] [INFO] [scheduler_controller.go:364] ["scheduler has been stopped"] [scheduler-name=balance-region-scheduler] [error="context canceled"]
[2024/11/13 19:04:10.364 +00:00] [INFO] [scheduler_controller.go:364] ["scheduler has been stopped"] [scheduler-name=balance-leader-scheduler] [error="context canceled"]
[2024/11/13 19:04:10.364 +00:00] [INFO] [scheduler_controller.go:364] ["scheduler has been stopped"] [scheduler-name=balance-hot-region-scheduler] [error="context canceled"]
[2024/11/13 19:04:10.364 +00:00] [INFO] [coordinator.go:140] ["check suspect key ranges has been stopped"]
[2024/11/13 19:04:10.364 +00:00] [INFO] [coordinator.go:162] ["drive push operator has been stopped"]
[2024/11/13 19:04:10.364 +00:00] [INFO] [server.go:1819] ["server is closed"]
[2024/11/13 19:04:10.364 +00:00] [INFO] [scheduler_controller.go:364] ["scheduler has been stopped"] [scheduler-name=evict-slow-store-scheduler] [error="context canceled"]
[2024/11/13 19:04:10.364 +00:00] [INFO] [coordinator.go:129] ["patrol regions has been stopped"]
[2024/11/13 19:04:10.364 +00:00] [INFO] [coordinator.go:180] ["drive slow node scheduler is stopped"]
[2024/11/13 19:04:10.364 +00:00] [INFO] [lease.go:202] ["stop lease keep alive worker"] [purpose="leader election"]
[2024/11/13 19:04:10.364 +00:00] [INFO] [main.go:293] ["got signal to exit"] [signal=terminated]
[2024/11/13 19:04:10.366 +00:00] [INFO] [server.go:548] ["closing server"]
[2024/11/13 19:04:10.366 +00:00] [INFO] [cgmon.go:75] ["cgroup monitor stopped"]
[2024/11/13 19:04:10.364 +00:00] [INFO] [cluster.go:684] ["metrics are reset"]
[2024/11/13 19:04:10.366 +00:00] [INFO] [cluster.go:686] ["metrics collection job has been stopped"]
[2024/11/13 19:04:10.364 +00:00] [INFO] [allocator_manager.go:743] ["exit allocator daemon"] []
[2024/11/13 19:04:10.367 +00:00] [INFO] [allocator_manager.go:316] ["exit allocator loop"] []
[2024/11/13 19:04:10.364 +00:00] [INFO] [labeler.go:70] ["region labeler GC stopped"]
[2024/11/13 19:04:10.364 +00:00] [INFO] [lease.go:153] ["lease keep alive stopped"] [purpose="leader election"]
[2024/11/13 19:04:10.364 +00:00] [INFO] [cluster.go:406] ["service check job is stopped"]
[2024/11/13 19:04:10.364 +00:00] [INFO] [server.go:702] ["server is closed, exist encryption key manager loop"]
[2024/11/13 19:04:10.364 +00:00] [INFO] [cluster.go:2188] ["min resolved ts background jobs has been stopped"]
[2024/11/13 19:04:10.364 +00:00] [INFO] [runner.go:131] ["stopping async task runner"] [name=heartbeat-async]
[2024/11/13 19:04:10.364 +00:00] [INFO] [server.go:127] ["region syncer has been stopped"]
[2024/11/13 19:04:10.364 +00:00] [INFO] [cluster.go:707] ["node state check job has been stopped"]
[2024/11/13 19:04:10.364 +00:00] [INFO] [server.go:688] ["server is closed, exit metrics loop"]
[2024/11/13 19:04:10.364 +00:00] [INFO] [cluster.go:475] ["gc tuner is stopped"]
[2024/11/13 19:04:10.364 +00:00] [INFO] [cluster.go:519] ["sync store config job is stopped"]
[2024/11/13 19:04:10.364 +00:00] [INFO] [scheduling_controller.go:160] ["scheduling metrics are reset"]
[2024/11/13 19:04:10.367 +00:00] [INFO] [scheduling_controller.go:162] ["scheduling metrics collection job has been stopped"]
[2024/11/13 19:04:10.364 +00:00] [INFO] [runner.go:131] ["stopping async task runner"] [name=misc-async]
[2024/11/13 19:04:10.364 +00:00] [INFO] [server.go:1840] ["server is closed, exit etcd leader loop"]
[2024/11/13 19:04:10.364 +00:00] [INFO] [runner.go:131] ["stopping async task runner"] [name=log-async]
[2024/11/13 19:04:10.364 +00:00] [INFO] [coordinator.go:210] ["coordinator is stopping"]
[2024/11/13 19:04:10.367 +00:00] [INFO] [coordinator.go:213] ["coordinator has been stopped"]
[2024/11/13 19:04:10.367 +00:00] [INFO] [scheduling_controller.go:87] ["scheduling service is stopped"]
[2024/11/13 19:04:10.367 +00:00] [INFO] [cluster.go:766] ["raft cluster is stopped"]
[2024/11/13 19:04:10.367 +00:00] [INFO] [tso.go:437] ["reset the timestamp in memory"] []
[2024/11/13 19:04:10.368 +00:00] [INFO] [server.go:1617] ["server is closed, return PD leader loop"]
[2024/11/13 19:04:10.365 +00:00] [INFO] [manager.go:212] ["dashboard server is stopped"]
[2024/11/13 19:04:10.368 +00:00] [INFO] [health_checker.go:96] ["etcd client is closed, exit the endpoint syncer goroutine"] [source=server-etcd-client]
[2024/11/13 19:04:10.368 +00:00] [INFO] [health_checker.go:113] ["etcd client is closed, exit the health inspector goroutine"] [source=server-etcd-client]
[2024/11/13 19:04:10.368 +00:00] [INFO] [health_checker.go:96] ["etcd client is closed, exit the endpoint syncer goroutine"] [source=election-etcd-client]
[2024/11/13 19:04:10.368 +00:00] [INFO] [health_checker.go:113] ["etcd client is closed, exit the health inspector goroutine"] [source=election-etcd-client]
[2024/11/13 19:04:10.368 +00:00] [INFO] [etcd.go:377] ["closing etcd server"] [name=pd0] [data-dir=/data/pd] [advertise-peer-urls="[http://pd0:2380]"] [advertise-client-urls="[http://pd0:2379]"]
[2024/11/13 19:04:10.368 +00:00] [WARN] [serve.go:160] ["stopping insecure grpc server due to error"] [error="accept tcp [::]:2379: use of closed network connection"]
[2024/11/13 19:04:10.368 +00:00] [WARN] [serve.go:162] ["stopped insecure grpc server due to error"] [error="accept tcp [::]:2379: use of closed network connection"]
[2024/11/13 19:04:10.369 +00:00] [INFO] [server.go:1521] ["skipped leadership transfer for single voting member cluster"] [local-member-id=e3589da502d44cf6] [current-leader-member-id=e3589da502d44cf6]
[2024/11/13 19:04:10.369 +00:00] [INFO] [etcd.go:581] ["stopping serving peer traffic"] [address="[::]:2380"]
[2024/11/13 19:04:10.370 +00:00] [INFO] [etcd.go:586] ["stopped serving peer traffic"] [address="[::]:2380"]
[2024/11/13 19:04:10.370 +00:00] [INFO] [etcd.go:379] ["closed etcd server"] [name=pd0] [data-dir=/data/pd] [advertise-peer-urls="[http://pd0:2380]"] [advertise-client-urls="[http://pd0:2379]"]
[2024/11/13 19:04:10.371 +00:00] [INFO] [server.go:592] ["triggering the close callback functions"]
[2024/11/13 19:04:10.371 +00:00] [INFO] [manager.go:73] ["exit dashboard loop"]
[2024/11/13 19:04:10.371 +00:00] [INFO] [server.go:605] ["close server"]
